Total	Iteration	Method	MSE	Mean_Balanced	Rel_MSE
3	1	Balanced	0.0145180808703145	0.0335501563589254	0.432727666452505
3	2	Balanced	0.0831771332484448	0.0335501563589254	2.47918764844495
3	3	Balanced	0.0116004063188738	0.0335501563589254	0.345763107473199
3	4	Balanced	0.0158065648573697	0.0335501563589254	0.471132375309024
3	5	Balanced	0.0187086401536773	0.0335501563589254	0.557631981011624
3	6	Balanced	0.0803326586576143	0.0335501563589254	2.39440489630515
3	7	Balanced	0.00216294503014357	0.0335501563589254	0.0644689999952312
3	8	Balanced	0.00832432715753195	0.0335501563589254	0.248115897537908
3	9	Balanced	0.0347398568576121	0.0335501563589254	1.0354603563083
3	10	Balanced	0.12662528575635	0.0335501563589254	3.77420851341767
3	11	Balanced	0.0309049220719718	0.0335501563589254	0.921155828346836
3	12	Balanced	0.0505554069679388	0.0335501563589254	1.50686054714882
3	13	Balanced	0.0096019855185354	0.0335501563589254	0.286197936480882
3	14	Balanced	0.040438567958657	0.0335501563589254	1.20531682553244
3	15	Balanced	0.00121084272160658	0.0335501563589254	0.0360905239502544
3	16	Balanced	0.0037241532009637	0.0335501563589254	0.111002558710072
3	17	Balanced	0.00726606676466088	0.0335501563589254	0.216573260849435
3	18	Balanced	0.0030025442968545	0.0335501563589254	0.0894941968297482
3	19	Balanced	0.0113332039184871	0.0335501563589254	0.337798840555094
3	20	Balanced	0.00173751362142744	0.0335501563589254	0.0517885402034856
3	21	Balanced	0.0713261594226674	0.0335501563589254	2.12595609569171
3	22	Balanced	0.00315386655505811	0.0335501563589254	0.0940045262775378
3	23	Balanced	0.263637797615721	0.0335501563589254	7.85801993872331
3	24	Balanced	0.00847451114134138	0.0335501563589254	0.252592299442052
3	25	Balanced	0.00492891498447961	0.0335501563589254	0.146911833487427
3	26	Balanced	0.0514301117271606	0.0335501563589254	1.53293210251995
3	27	Balanced	0.035260899523848	0.0335501563589254	1.05099061675364
3	28	Balanced	0.00536126976883586	0.0335501563589254	0.159798652247103
3	29	Balanced	0.00366710092140088	0.0335501563589254	0.109302051596112
3	30	Balanced	0.00349295315821483	0.0335501563589254	0.104111382398538
3	1	Unbalanced_OLS	0.0443467774597617	0.0335501563589254	1.32180538848559
3	2	Unbalanced_OLS	0.00637327237216226	0.0335501563589254	0.189962523690795
3	3	Unbalanced_OLS	0.0413231596052601	0.0335501563589254	1.23168307065927
3	4	Unbalanced_OLS	0.0319631788479491	0.0335501563589254	0.952698357229738
3	5	Unbalanced_OLS	0.0339985152562318	0.0335501563589254	1.01336383927722
3	6	Unbalanced_OLS	0.0348780498818461	0.0335501563589254	1.03957935422758
3	7	Unbalanced_OLS	0.0143896698808478	0.0335501563589254	0.428900233039291
3	8	Unbalanced_OLS	0.0120126205186197	0.0335501563589254	0.358049613542977
3	9	Unbalanced_OLS	0.0051152661413526	0.0335501563589254	0.152466238506569
3	10	Unbalanced_OLS	0.00318684344105596	0.0335501563589254	0.0949874393121318
3	11	Unbalanced_OLS	0.00562616190540156	0.0335501563589254	0.167694059163597
3	12	Unbalanced_OLS	0.0133849821922309	0.0335501563589254	0.398954390824173
3	13	Unbalanced_OLS	0.0110399193402856	0.0335501563589254	0.329057165104644
3	14	Unbalanced_OLS	0.00547027824493053	0.0335501563589254	0.163047772010614
3	15	Unbalanced_OLS	0.0270142376470701	0.0335501563589254	0.805189619925077
3	16	Unbalanced_OLS	0.0251956209417365	0.0335501563589254	0.750983711437565
3	17	Unbalanced_OLS	0.0888789830187816	0.0335501563589254	2.64913766922391
3	18	Unbalanced_OLS	0.131865746156261	0.0335501563589254	3.93040630706869
3	19	Unbalanced_OLS	0.0144106947975942	0.0335501563589254	0.429526904239315
3	20	Unbalanced_OLS	0.0116491661184673	0.0335501563589254	0.347216447930748
3	21	Unbalanced_OLS	0.0351491561619499	0.0335501563589254	1.04765998065458
3	22	Unbalanced_OLS	0.0240230723902255	0.0335501563589254	0.716034588131943
3	23	Unbalanced_OLS	0.0168449217828756	0.0335501563589254	0.502081766852758
3	24	Unbalanced_OLS	0.0947526791266382	0.0335501563589254	2.82420976262994
3	25	Unbalanced_OLS	0.0021615405622686	0.0335501563589254	0.0644271382566467
3	26	Unbalanced_OLS	0.00234681486974545	0.0335501563589254	0.0699494465730297
3	27	Unbalanced_OLS	0.0141187946133727	0.0335501563589254	0.420826492202521
3	28	Unbalanced_OLS	0.0579694019048684	0.0335501563589254	1.72784297291201
3	29	Unbalanced_OLS	0.089132355364134	0.0335501563589254	2.65668971585648
3	30	Unbalanced_OLS	0.0240260336770694	0.0335501563589254	0.716122852604164
3	1	Unbalanced_JS	0.0244600619295255	0.0335501563589254	0.729059550955515
3	2	Unbalanced_JS	0.00635336021253425	0.0335501563589254	0.189369019463423
3	3	Unbalanced_JS	0.0413768109522747	0.0335501563589254	1.23328220916822
3	4	Unbalanced_JS	0.0377527638182242	0.0335501563589254	1.12526342394171
3	5	Unbalanced_JS	0.0296173947145769	0.0335501563589254	0.882779632909155
3	6	Unbalanced_JS	0.0163400655100516	0.0335501563589254	0.487033959998359
3	7	Unbalanced_JS	0.00561085858487215	0.0335501563589254	0.167237926549319
3	8	Unbalanced_JS	0.00629821659441974	0.0335501563589254	0.187725402142402
3	9	Unbalanced_JS	0.0044488790420767	0.0335501563589254	0.132603824390021
3	10	Unbalanced_JS	0.00298464337142832	0.0335501563589254	0.0889606396911562
3	11	Unbalanced_JS	0.00614906318222463	0.0335501563589254	0.183279717579879
3	12	Unbalanced_JS	0.00181513367854721	0.0335501563589254	0.0541020929717464
3	13	Unbalanced_JS	0.0110400984502998	0.0335501563589254	0.329062503679293
3	14	Unbalanced_JS	0.00118862468225221	0.0335501563589254	0.0354282903941221
3	15	Unbalanced_JS	0.0237776871098772	0.0335501563589254	0.708720604920567
3	16	Unbalanced_JS	0.0332992647170855	0.0335501563589254	0.992521893515016
3	17	Unbalanced_JS	0.0713263487478534	0.0335501563589254	2.125961738741
3	18	Unbalanced_JS	0.119502396857811	0.0335501563589254	3.56190282928501
3	19	Unbalanced_JS	0.0139208775626967	0.0335501563589254	0.414927352760111
3	20	Unbalanced_JS	0.0109697853299187	0.0335501563589254	0.326966742347249
3	21	Unbalanced_JS	0.0339347699874515	0.0335501563589254	1.01146384012078
3	22	Unbalanced_JS	0.0153009174901001	0.0335501563589254	0.45606098899833
3	23	Unbalanced_JS	0.0163362878038278	0.0335501563589254	0.486921361231801
3	24	Unbalanced_JS	0.0784722581514802	0.0335501563589254	2.33895357482005
3	25	Unbalanced_JS	0.00556694707970518	0.0335501563589254	0.165929094939201
3	26	Unbalanced_JS	0.00385885352110988	0.0335501563589254	0.115017452670777
3	27	Unbalanced_JS	0.00873091991021342	0.0335501563589254	0.260234850079639
3	28	Unbalanced_JS	0.0556483103611497	0.0335501563589254	1.65866023889172
3	29	Unbalanced_JS	0.0830272414916223	0.0335501563589254	2.47471995669356
3	30	Unbalanced_JS	0.0178735023882095	0.0335501563589254	0.53273976422034
3	1	Frac_Delta	-0.448436541939952	0.0335501563589254	-13.3661535625199
3	2	Frac_Delta	-0.00312432271292609	0.0335501563589254	-0.0931239389617603
3	3	Frac_Delta	0.00129833603062272	0.0335501563589254	0.0386983600533154
3	4	Frac_Delta	0.181132952946153	0.0335501563589254	5.39887060460647
3	5	Frac_Delta	-0.12886211379045	0.0335501563589254	-3.8408796791246
3	6	Frac_Delta	-0.531508626044012	0.0335501563589254	-15.842210103519
3	7	Frac_Delta	-0.6100773241268	0.0335501563589254	-18.1840381785434
3	8	Frac_Delta	-0.475700028594308	0.0335501563589254	-14.1787723283667
3	9	Frac_Delta	-0.130274179458372	0.0335501563589254	-3.88296787844074
3	10	Frac_Delta	-0.0634483850140578	0.0335501563589254	-1.89115020315482
3	11	Frac_Delta	0.0929410290025678	0.0335501563589254	2.77021150090236
3	12	Frac_Delta	-0.864390280653434	0.0335501563589254	-25.7641207810192
3	13	Frac_Delta	1.62238517041043e-05	0.0335501563589254	0.000483570077305713
3	14	Frac_Delta	-0.782712207856384	0.0335501563589254	-23.3296143088811
3	15	Frac_Delta	-0.119809064371057	0.0335501563589254	-3.57104339810874
3	16	Frac_Delta	0.321629055862062	0.0335501563589254	9.58651436438084
3	17	Frac_Delta	-0.197489143943276	0.0335501563589254	-5.88638520281405
3	18	Frac_Delta	-0.0937570950669745	0.0335501563589254	-2.79453526427551
3	19	Frac_Delta	-0.0339898416958533	0.0335501563589254	-1.01310531409225
3	20	Frac_Delta	-0.0583201219417417	0.0335501563589254	-1.73829657655907
3	21	Frac_Delta	-0.0345495114848041	0.0335501563589254	-1.02978689920808
3	22	Frac_Delta	-0.363074079719887	0.0335501563589254	-10.821829735625
3	23	Frac_Delta	-0.0301950929546562	0.0335501563589254	-0.899998576210011
3	24	Frac_Delta	-0.171820165141705	0.0335501563589254	-5.12129253001217
3	25	Frac_Delta	1.57545344134671	0.0335501563589254	46.9581549633401
3	26	Frac_Delta	0.644293962364592	0.0335501563589254	19.2039034176718
3	27	Frac_Delta	-0.381610105586218	0.0335501563589254	-11.3743167544046
3	28	Frac_Delta	-0.0400399429258865	0.0335501563589254	-1.19343535980972
3	29	Frac_Delta	-0.0684949236174722	0.0335501563589254	-2.04156794039055
3	30	Frac_Delta	-0.256077693536739	0.0335501563589254	-7.63268256628001
10	1	Balanced	0.0194205747206695	0.0334344456235641	0.580855293349986
10	2	Balanced	0.00596102188368677	0.0334344456235641	0.178289837696173
10	3	Balanced	0.025031153443492	0.0334344456235641	0.748663630476063
10	4	Balanced	0.0495287995526582	0.0334344456235641	1.48137044383207
10	5	Balanced	0.010306740731919	0.0334344456235641	0.308267134079681
10	6	Balanced	0.0154226407975143	0.0334344456235641	0.461279991633678
10	7	Balanced	0.00530411337007635	0.0334344456235641	0.158642180875226
10	8	Balanced	0.0109552046461698	0.0334344456235641	0.327662219063348
10	9	Balanced	0.0165282393663905	0.0334344456235641	0.494347642323152
10	10	Balanced	0.0164988640446939	0.0334344456235641	0.493469047773466
10	11	Balanced	0.0144900772728613	0.0334344456235641	0.433387693518356
10	12	Balanced	0.0775284244139487	0.0334344456235641	2.318818899731
10	13	Balanced	0.0137373836577549	0.0334344456235641	0.410875173837876
10	14	Balanced	0.00269550498594547	0.0334344456235641	0.08062059758053
10	15	Balanced	0.0168788538092046	0.0334344456235641	0.504834265812043
10	16	Balanced	0.0801119180974174	0.0334344456235641	2.39608932055855
10	17	Balanced	0.0870223973270598	0.0334344456235641	2.60277673830272
10	18	Balanced	0.0106264052603254	0.0334344456235641	0.317828068093824
10	19	Balanced	0.00504685439107801	0.0334344456235641	0.150947751546419
10	20	Balanced	0.167411480829776	0.0334344456235641	5.00715587495152
10	21	Balanced	0.0972504866720011	0.0334344456235641	2.9086914664875
10	22	Balanced	0.0027585651006768	0.0334344456235641	0.0825066798395665
10	23	Balanced	0.0239092915676106	0.0334344456235641	0.715109556078888
10	24	Balanced	0.0626720780868721	0.0334344456235641	1.87447636465974
10	25	Balanced	0.024399522354336	0.0334344456235641	0.72977200307277
10	26	Balanced	0.105352242901731	0.0334344456235641	3.15100911460845
10	27	Balanced	0.00483969551671561	0.0334344456235641	0.1447517799818
10	28	Balanced	0.0142072723100685	0.0334344456235641	0.424929202356968
10	29	Balanced	0.00878742530902578	0.0334344456235641	0.262825512585516
10	30	Balanced	0.008350136285243	0.0334344456235641	0.249746515293137
10	1	Unbalanced_OLS	0.0328858703680548	0.0334344456235641	0.983592512294485
10	2	Unbalanced_OLS	0.0181377770731326	0.0334344456235641	0.542487746838829
10	3	Unbalanced_OLS	0.025306065066409	0.0334344456235641	0.756886037571196
10	4	Unbalanced_OLS	0.00894905300471872	0.0334344456235641	0.267659679645221
10	5	Unbalanced_OLS	0.00551569870509421	0.0334344456235641	0.164970544665075
10	6	Unbalanced_OLS	0.0323822192948609	0.0334344456235641	0.96852867427353
10	7	Unbalanced_OLS	0.00514624026296813	0.0334344456235641	0.153920310834798
10	8	Unbalanced_OLS	0.0109521315581522	0.0334344456235641	0.327570305231359
10	9	Unbalanced_OLS	0.040857495506041	0.0334344456235641	1.22201803391785
10	10	Unbalanced_OLS	0.0149078252325016	0.0334344456235641	0.445882231766236
10	11	Unbalanced_OLS	0.0851102041985914	0.0334344456235641	2.54558442980753
10	12	Unbalanced_OLS	0.0425269046708829	0.0334344456235641	1.27194885028722
10	13	Unbalanced_OLS	0.016584832152059	0.0334344456235641	0.496040291464269
10	14	Unbalanced_OLS	0.00848114194706489	0.0334344456235641	0.253664799546953
10	15	Unbalanced_OLS	0.0208621046722674	0.0334344456235641	0.623970407858776
10	16	Unbalanced_OLS	0.014517238305678	0.0334344456235641	0.434200060294897
10	17	Unbalanced_OLS	0.0315540651160906	0.0334344456235641	0.943759183907383
10	18	Unbalanced_OLS	0.0228333553162822	0.0334344456235641	0.682929083776691
10	19	Unbalanced_OLS	0.0520342218207447	0.0334344456235641	1.55630580529416
10	20	Unbalanced_OLS	0.0495742136808104	0.0334344456235641	1.48272874744097
10	21	Unbalanced_OLS	0.0288326497931357	0.0334344456235641	0.862363626954081
10	22	Unbalanced_OLS	0.0347519112395032	0.0334344456235641	1.03940444028211
10	23	Unbalanced_OLS	0.0221014109666629	0.0334344456235641	0.661037159565946
10	24	Unbalanced_OLS	0.0291414510318354	0.0334344456235641	0.871599647858284
10	25	Unbalanced_OLS	0.0065060721915469	0.0334344456235641	0.194591896776106
10	26	Unbalanced_OLS	0.0170636756297339	0.0334344456235641	0.510362152310002
10	27	Unbalanced_OLS	0.0361881761461223	0.0334344456235641	1.08236208111725
10	28	Unbalanced_OLS	0.0655152300225891	0.0334344456235641	1.95951297533748
10	29	Unbalanced_OLS	0.0281500191409772	0.0334344456235641	0.841946639639734
10	30	Unbalanced_OLS	0.00888414690933162	0.0334344456235641	0.265718385444687
10	1	Unbalanced_JS	0.0323023032972501	0.0334344456235641	0.966138444792515
10	2	Unbalanced_JS	0.0116852471336986	0.0334344456235641	0.349497259959441
10	3	Unbalanced_JS	0.0227123232533585	0.0334344456235641	0.679309102626521
10	4	Unbalanced_JS	0.0165080653634454	0.0334344456235641	0.493744252538488
10	5	Unbalanced_JS	0.00552093785224199	0.0334344456235641	0.165127243753398
10	6	Unbalanced_JS	0.0324667452094826	0.0334344456235641	0.9710567830262
10	7	Unbalanced_JS	0.00394031848198818	0.0334344456235641	0.117852065691531
10	8	Unbalanced_JS	0.00659780465840536	0.0334344456235641	0.197335548275259
10	9	Unbalanced_JS	0.0407239141763295	0.0334344456235641	1.21802271330702
10	10	Unbalanced_JS	0.0122746927037105	0.0334344456235641	0.367127149105756
10	11	Unbalanced_JS	0.0688239805261969	0.0334344456235641	2.0584753012232
10	12	Unbalanced_JS	0.0641500603309142	0.0334344456235641	1.91868174077641
10	13	Unbalanced_JS	0.0163044661874561	0.0334344456235641	0.487654748968382
10	14	Unbalanced_JS	0.0107320148223625	0.0334344456235641	0.320986773436996
10	15	Unbalanced_JS	0.0185913957737127	0.0334344456235641	0.556055152911217
10	16	Unbalanced_JS	0.00630684893410326	0.0334344456235641	0.18863327375341
10	17	Unbalanced_JS	0.0315501975844416	0.0334344456235641	0.943643508843032
10	18	Unbalanced_JS	0.0198325871639857	0.0334344456235641	0.593178286467775
10	19	Unbalanced_JS	0.0408859674823454	0.0334344456235641	1.22286961006255
10	20	Unbalanced_JS	0.0434265751043359	0.0334344456235641	1.2988573399204
10	21	Unbalanced_JS	0.0168902237546344	0.0334344456235641	0.505174332626901
10	22	Unbalanced_JS	0.0340052029894604	0.0334344456235641	1.01707093852617
10	23	Unbalanced_JS	0.0211716179717257	0.0334344456235641	0.633227725983418
10	24	Unbalanced_JS	0.0230517402113748	0.0334344456235641	0.689460817472873
10	25	Unbalanced_JS	0.00629640623300111	0.0334344456235641	0.188320940143344
10	26	Unbalanced_JS	0.0154285792637304	0.0334344456235641	0.461457606847729
10	27	Unbalanced_JS	0.0342999498617946	0.0334344456235641	1.02588660353383
10	28	Unbalanced_JS	0.0570644767164174	0.0334344456235641	1.70675707798185
10	29	Unbalanced_JS	0.0266538486800095	0.0334344456235641	0.797197267156846
10	30	Unbalanced_JS	0.0108318449909615	0.0334344456235641	0.323972621317441
10	1	Frac_Delta	-0.0177452220139961	0.0334344456235641	-0.530746709958592
10	2	Frac_Delta	-0.355750868114492	0.0334344456235641	-10.6402502413189
10	3	Frac_Delta	-0.102494868571779	0.0334344456235641	-3.06554712244256
10	4	Frac_Delta	0.844671760770761	0.0334344456235641	25.2635192543898
10	5	Frac_Delta	0.000949861010889611	0.0334344456235641	0.0284096533731716
10	6	Frac_Delta	0.00261025700097781	0.0334344456235641	0.0780708922279287
10	7	Frac_Delta	-0.23433064127566	0.0334344456235641	-7.00865939019811
10	8	Frac_Delta	-0.397578030963815	0.0334344456235641	-11.8912703216353
10	9	Frac_Delta	-0.0032694448853754	0.0334344456235641	-0.097786723374625
10	10	Frac_Delta	-0.1766275420945	0.0334344456235641	-5.28280157784389
10	11	Frac_Delta	-0.191354536459496	0.0334344456235641	-5.72327528962024
10	12	Frac_Delta	0.508458253131133	0.0334344456235641	15.2076172835592
10	13	Frac_Delta	-0.0169049624399147	0.0334344456235641	-0.505615156005468
10	14	Frac_Delta	0.26539738272823	0.0334344456235641	7.9378430770565
10	15	Frac_Delta	-0.108843711323775	0.0334344456235641	-3.25543640080768
10	16	Frac_Delta	-0.565561382867393	0.0334344456235641	-16.915530445308
10	17	Frac_Delta	-0.00012256841186135	0.0334344456235641	-0.00366593223172708
10	18	Frac_Delta	-0.131420376494411	0.0334344456235641	-3.93068806864823
10	19	Frac_Delta	-0.214248507007646	0.0334344456235641	-6.40801733098416
10	20	Frac_Delta	-0.124008796509751	0.0334344456235641	-3.70901309104859
10	21	Frac_Delta	-0.414198005531372	0.0334344456235641	-12.3883616972387
10	22	Frac_Delta	-0.0214868254265672	0.0334344456235641	-0.64265535216243
10	23	Frac_Delta	-0.0420693953132496	0.0334344456235641	-1.25826507748643
10	24	Frac_Delta	-0.208970748018275	0.0334344456235641	-6.25016339050635
10	25	Frac_Delta	-0.0322261961399996	0.0334344456235641	-0.963862134962007
10	26	Frac_Delta	-0.0958232212967234	0.0334344456235641	-2.86600299510241
10	27	Frac_Delta	-0.0521779897584049	0.0334344456235641	-1.56060579995472
10	28	Frac_Delta	-0.128989141963753	0.0334344456235641	-3.85797160856298
10	29	Frac_Delta	-0.0531498914254664	0.0334344456235641	-1.58967467335565
10	30	Frac_Delta	0.219232988997975	0.0334344456235641	6.55709956929757
25	1	Balanced	0.00810614090242374	0.0240553479534018	0.336978742445395
25	2	Balanced	0.0162555121146986	0.0240553479534018	0.675754603350056
25	3	Balanced	0.0137173152506355	0.0240553479534018	0.57023973534732
25	4	Balanced	0.0341530343359072	0.0240553479534018	1.41976887642889
25	5	Balanced	0.00700297555425157	0.0240553479534018	0.291119279081609
25	6	Balanced	0.0616113377506999	0.0240553479534018	2.56123244901919
25	7	Balanced	0.0241846002192166	0.0240553479534018	1.00537311977633
25	8	Balanced	0.0159443241397072	0.0240553479534018	0.662818271038663
25	9	Balanced	0.0129685263498261	0.0240553479534018	0.539111983536789
25	10	Balanced	0.0246870993723408	0.0240553479534018	1.02626241034479
25	11	Balanced	0.0376759511323974	0.0240553479534018	1.56621933739559
25	12	Balanced	0.0214902816962861	0.0240553479534018	0.893368149898121
25	13	Balanced	0.0796184268525788	0.0240553479534018	3.30980150471362
25	14	Balanced	0.0268082803100232	0.0240553479534018	1.11444159369277
25	15	Balanced	0.0183281391041694	0.0240553479534018	0.761915360346202
25	16	Balanced	0.0127642113902734	0.0240553479534018	0.530618447714798
25	17	Balanced	0.0128014558295223	0.0240553479534018	0.532166728759043
25	18	Balanced	0.0201885682802522	0.0240553479534018	0.839254884999377
25	19	Balanced	0.00760239368344934	0.0240553479534018	0.316037568784128
25	20	Balanced	0.0269660779496418	0.0240553479534018	1.12100136742476
25	21	Balanced	0.0625324692794912	0.0240553479534018	2.59952462132847
25	22	Balanced	0.0157497132718735	0.0240553479534018	0.654728142049024
25	23	Balanced	0.0217436795235742	0.0240553479534018	0.903902099678393
25	24	Balanced	0.0358444474610048	0.0240553479534018	1.49008226904221
25	25	Balanced	0.0184706393879784	0.0240553479534018	0.767839210796632
25	26	Balanced	0.0050838760615157	0.0240553479534018	0.211340782572084
25	27	Balanced	0.01795157508505	0.0240553479534018	0.74626129373911
25	28	Balanced	0.0185794201726283	0.0240553479534018	0.772361314773701
25	29	Balanced	0.0231646794493502	0.0240553479534018	0.962974199925236
25	30	Balanced	0.0196652866912856	0.0240553479534018	0.817501651997707
25	1	Unbalanced_OLS	0.13730534374342	0.0240553479534018	5.70789264862837
25	2	Unbalanced_OLS	0.00835413859958101	0.0240553479534018	0.347288204509202
25	3	Unbalanced_OLS	0.0223076479922772	0.0240553479534018	0.927346718720923
25	4	Unbalanced_OLS	0.0407406546584271	0.0240553479534018	1.6936215072568
25	5	Unbalanced_OLS	0.0603162046544415	0.0240553479534018	2.50739273326171
25	6	Unbalanced_OLS	0.0071947898068878	0.0240553479534018	0.299093150547022
25	7	Unbalanced_OLS	0.200008441270227	0.0240553479534018	8.31451042228401
25	8	Unbalanced_OLS	0.026105087686059	0.0240553479534018	1.08520931547645
25	9	Unbalanced_OLS	0.0944037215313672	0.0240553479534018	3.92443799666665
25	10	Unbalanced_OLS	0.0171561557125221	0.0240553479534018	0.713195076028654
25	11	Unbalanced_OLS	0.0148991524694503	0.0240553479534018	0.619369651119237
25	12	Unbalanced_OLS	0.00640994468632107	0.0240553479534018	0.266466512924192
25	13	Unbalanced_OLS	0.043133853100796	0.0240553479534018	1.79310867522481
25	14	Unbalanced_OLS	0.0669286328245038	0.0240553479534018	2.7822766460977
25	15	Unbalanced_OLS	0.0201572842718709	0.0240553479534018	0.837954383820102
25	16	Unbalanced_OLS	0.023678189427383	0.0240553479534018	0.984321219266945
25	17	Unbalanced_OLS	0.0457179739329621	0.0240553479534018	1.90053263920869
25	18	Unbalanced_OLS	0.0184457640715632	0.0240553479534018	0.766805124053703
25	19	Unbalanced_OLS	0.028527157734546	0.0240553479534018	1.18589669913762
25	20	Unbalanced_OLS	0.432465462002758	0.0240553479534018	17.9779341724966
25	21	Unbalanced_OLS	0.0561253202615484	0.0240553479534018	2.33317432656847
25	22	Unbalanced_OLS	0.412243505069163	0.0240553479534018	17.1372912945483
25	23	Unbalanced_OLS	0.126531241560048	0.0240553479534018	5.26000462787546
25	24	Unbalanced_OLS	0.0335818186136528	0.0240553479534018	1.39602298327611
25	25	Unbalanced_OLS	0.0159510140803948	0.0240553479534018	0.663096377208673
25	26	Unbalanced_OLS	0.0777205299264645	0.0240553479534018	3.23090441580886
25	27	Unbalanced_OLS	0.0540892765442097	0.0240553479534018	2.2485343653722
25	28	Unbalanced_OLS	0.0685586460250988	0.0240553479534018	2.85003759487934
25	29	Unbalanced_OLS	0.0709471827069334	0.0240553479534018	2.9493309697439
25	30	Unbalanced_OLS	0.0310885640904196	0.0240553479534018	1.29237640422588
25	1	Unbalanced_JS	0.135761334981939	0.0240553479534018	5.6437069729744
25	2	Unbalanced_JS	0.00655560710635452	0.0240553479534018	0.272521815899465
25	3	Unbalanced_JS	0.0203002405239656	0.0240553479534018	0.843897189235829
25	4	Unbalanced_JS	0.0367866502273627	0.0240553479534018	1.5292503895027
25	5	Unbalanced_JS	0.050255155751981	0.0240553479534018	2.08914690609887
25	6	Unbalanced_JS	0.00543946802985855	0.0240553479534018	0.226123024301934
25	7	Unbalanced_JS	0.195301546166617	0.0240553479534018	8.1188410387969
25	8	Unbalanced_JS	0.0234939687718542	0.0240553479534018	0.976663019689631
25	9	Unbalanced_JS	0.081673922173471	0.0240553479534018	3.39525008458342
25	10	Unbalanced_JS	0.0146065535957788	0.0240553479534018	0.607206082575629
25	11	Unbalanced_JS	0.0108324576855016	0.0240553479534018	0.450313905518449
25	12	Unbalanced_JS	0.00567154870366191	0.0240553479534018	0.235770803010142
25	13	Unbalanced_JS	0.0403339382756189	0.0240553479534018	1.67671398284285
25	14	Unbalanced_JS	0.0533700664090026	0.0240553479534018	2.21863622643859
25	15	Unbalanced_JS	0.0184713297181421	0.0240553479534018	0.767867908372119
25	16	Unbalanced_JS	0.0190879474614525	0.0240553479534018	0.793501199751017
25	17	Unbalanced_JS	0.0427123714724688	0.0240553479534018	1.77558734777846
25	18	Unbalanced_JS	0.0161493662498057	0.0240553479534018	0.671342035088791
25	19	Unbalanced_JS	0.0281462398636491	0.0240553479534018	1.17006163943968
25	20	Unbalanced_JS	0.429532095327093	0.0240553479534018	17.8559917802541
25	21	Unbalanced_JS	0.0531349721346982	0.0240553479534018	2.20886316995403
25	22	Unbalanced_JS	0.356423432838877	0.0240553479534018	14.816806372093
25	23	Unbalanced_JS	0.123199779989944	0.0240553479534018	5.12151311336663
25	24	Unbalanced_JS	0.0325619684295172	0.0240553479534018	1.35362699773015
25	25	Unbalanced_JS	0.0141320346839706	0.0240553479534018	0.587479952954585
25	26	Unbalanced_JS	0.0738261210176078	0.0240553479534018	3.06901073144393
25	27	Unbalanced_JS	0.0531895933647828	0.0240553479534018	2.21113381805234
25	28	Unbalanced_JS	0.0643502169640784	0.0240553479534018	2.67508984233913
25	29	Unbalanced_JS	0.0679831437439898	0.0240553479534018	2.82611350605619
25	30	Unbalanced_JS	0.0241206413872208	0.0240553479534018	1.00271430011927
25	1	Frac_Delta	-0.0112450740764009	0.0240553479534018	-0.467466697974358
25	2	Frac_Delta	-0.215286288560821	0.0240553479534018	-8.94962271914992
25	3	Frac_Delta	-0.0899874101028738	0.0240553479534018	-3.74084840831198
25	4	Frac_Delta	-0.0970530411014535	0.0240553479534018	-4.03457232418577
25	5	Frac_Delta	-0.166805072701464	0.0240553479534018	-6.93421990921048
25	6	Frac_Delta	-0.243971238096326	0.0240553479534018	-10.1420789493018
25	7	Frac_Delta	-0.0235334822556342	0.0240553479534018	-0.978305626724731
25	8	Frac_Delta	-0.100023372669968	0.0240553479534018	-4.15805137650581
25	9	Frac_Delta	-0.134844253503995	0.0240553479534018	-5.60558316450901
25	10	Frac_Delta	-0.148611504783814	0.0240553479534018	-6.17789878041643
25	11	Frac_Delta	-0.272948061461026	0.0240553479534018	-11.3466686073201
25	12	Frac_Delta	-0.115195375123114	0.0240553479534018	-4.78876361906141
25	13	Frac_Delta	-0.0649122353765679	0.0240553479534018	-2.69845339598958
25	14	Frac_Delta	-0.202582450041281	0.0240553479534018	-8.42151401982247
25	15	Frac_Delta	-0.0836399651356552	0.0240553479534018	-3.47698005855814
25	16	Frac_Delta	-0.193859500111191	0.0240553479534018	-8.05889403415495
25	17	Frac_Delta	-0.065742249752811	0.0240553479534018	-2.73295775559605
25	18	Frac_Delta	-0.124494589264412	0.0240553479534018	-5.17533936759399
25	19	Frac_Delta	-0.0133528153923139	0.0240553479534018	-0.555087185526477
25	20	Frac_Delta	-0.00678289235417994	0.0240553479534018	-0.281970244925131
25	21	Frac_Delta	-0.0532798407726675	0.0240553479534018	-2.21488547477581
25	22	Frac_Delta	-0.135405583214514	0.0240553479534018	-5.62891808826927
25	23	Frac_Delta	-0.0263291621028032	0.0240553479534018	-1.09452426769324
25	24	Frac_Delta	-0.0303691171663032	0.0240553479534018	-1.26246842178845
25	25	Frac_Delta	-0.114035345167165	0.0240553479534018	-4.74054024859943
25	26	Frac_Delta	-0.0501078532601538	0.0240553479534018	-2.08302342403107
25	27	Frac_Delta	-0.0166333002936641	0.0240553479534018	-0.691459559258294
25	28	Frac_Delta	-0.0613843665973186	0.0240553479534018	-2.55179707715007
25	29	Frac_Delta	-0.041778106611891	0.0240553479534018	-1.73674921239221
25	30	Frac_Delta	-0.22413137779323	0.0240553479534018	-9.31732013302823
50	1	Balanced	0.0259862782680478	0.0291252551735033	0.89222491316364
50	2	Balanced	0.00544085044675482	0.0291252551735033	0.186808679077416
50	3	Balanced	0.039123068079451	0.0291252551735033	1.343269538632
50	4	Balanced	0.0368218261838702	0.0291252551735033	1.26425763360758
50	5	Balanced	0.031290670578307	0.0291252551735033	1.07434837538432
50	6	Balanced	0.0460630748638055	0.0291252551735033	1.58155094571365
50	7	Balanced	0.00971105213954402	0.0291252551735033	0.33342376166986
50	8	Balanced	0.0244110951787214	0.0291252551735033	0.838141847455104
50	9	Balanced	0.00483241557868887	0.0291252551735033	0.165918394530846
50	10	Balanced	0.0138499816436259	0.0291252551735033	0.475531684138718
50	11	Balanced	0.017708249297272	0.0291252551735033	0.608003232650889
50	12	Balanced	0.0148198656681169	0.0291252551735033	0.508832131421094
50	13	Balanced	0.0361049010038509	0.0291252551735033	1.23964239244494
50	14	Balanced	0.0542786444333949	0.0291252551735033	1.86362811621905
50	15	Balanced	0.0309499927986871	0.0291252551735033	1.06265138671966
50	16	Balanced	0.0517143621277491	0.0291252551735033	1.7755848599327
50	17	Balanced	0.00584641122721352	0.0291252551735033	0.200733390742351
50	18	Balanced	0.0631421380002899	0.0291252551735033	2.16795140932305
50	19	Balanced	0.068689061558016	0.0291252551735033	2.35840205171853
50	20	Balanced	0.0218247426728433	0.0291252551735033	0.749340822692546
50	21	Balanced	0.0084532045022678	0.0291252551735033	0.290236238340604
50	22	Balanced	0.0630227935405756	0.0291252551735033	2.16385378137084
50	23	Balanced	0.0632815140902827	0.0291252551735033	2.17273681254656
50	24	Balanced	0.0444397486210452	0.0291252551735033	1.52581491067842
50	25	Balanced	0.00968720451785181	0.0291252551735033	0.332604966382054
50	26	Balanced	0.0130370323182394	0.0291252551735033	0.447619505497068
50	27	Balanced	0.0173569028409246	0.0291252551735033	0.595939940698444
50	28	Balanced	0.0237817323241346	0.0291252551735033	0.816533011726882
50	29	Balanced	0.0206284528365649	0.0291252551735033	0.708266853412212
50	30	Balanced	0.00746038786496141	0.0291252551735033	0.256148412108969
50	1	Unbalanced_OLS	0.0282155873065374	0.0291252551735033	0.968767042158192
50	2	Unbalanced_OLS	0.0347000262887291	0.0291252551735033	1.19140677333181
50	3	Unbalanced_OLS	0.0218460001880413	0.0291252551735033	0.750070688064418
50	4	Unbalanced_OLS	0.0522389816910514	0.0291252551735033	1.79359739098787
50	5	Unbalanced_OLS	0.146443547349765	0.0291252551735033	5.02806057757707
50	6	Unbalanced_OLS	0.0769844460702545	0.0291252551735033	2.64321962542979
50	7	Unbalanced_OLS	0.0837232639278781	0.0291252551735033	2.87459331872379
50	8	Unbalanced_OLS	0.023124445589158	0.0291252551735033	0.793965424556881
50	9	Unbalanced_OLS	0.0229583076210313	0.0291252551735033	0.788261166615209
50	10	Unbalanced_OLS	0.0394186777753757	0.0291252551735033	1.35341913883855
50	11	Unbalanced_OLS	0.0440867497652511	0.0291252551735033	1.5136948844781
50	12	Unbalanced_OLS	0.0534018506771687	0.0291252551735033	1.83352387332047
50	13	Unbalanced_OLS	0.0537530927366655	0.0291252551735033	1.84558358086309
50	14	Unbalanced_OLS	0.0140160819472963	0.0291252551735033	0.481234648891503
50	15	Unbalanced_OLS	0.0169062873646131	0.0291252551735033	0.580468300239772
50	16	Unbalanced_OLS	0.0173002023792199	0.0291252551735033	0.59399316078641
50	17	Unbalanced_OLS	0.0598693171866225	0.0291252551735033	2.05558086375458
50	18	Unbalanced_OLS	0.0324487304824607	0.0291252551735033	1.11410974046954
50	19	Unbalanced_OLS	0.0283337282928702	0.0291252551735033	0.972823349497959
50	20	Unbalanced_OLS	0.0189955477135335	0.0291252551735033	0.65220193266546
50	21	Unbalanced_OLS	0.0463553893905232	0.0291252551735033	1.59158740805454
50	22	Unbalanced_OLS	0.0399609843937092	0.0291252551735033	1.37203894543261
50	23	Unbalanced_OLS	0.0229759583929772	0.0291252551735033	0.788867196393858
50	24	Unbalanced_OLS	0.0329834538399728	0.0291252551735033	1.1324691798745
50	25	Unbalanced_OLS	0.0336069272448398	0.0291252551735033	1.15387580450844
50	26	Unbalanced_OLS	0.102835742282545	0.0291252551735033	3.5308100021764
50	27	Unbalanced_OLS	0.065736683815242	0.0291252551735033	2.25703374695395
50	28	Unbalanced_OLS	0.0283679107696049	0.0291252551735033	0.973996986485208
50	29	Unbalanced_OLS	0.0429136037779184	0.0291252551735033	1.47341554682615
50	30	Unbalanced_OLS	0.0335248390485281	0.0291252551735033	1.15105735035851
50	1	Unbalanced_JS	0.0268182744721337	0.0291252551735033	0.920791056159799
50	2	Unbalanced_JS	0.0306541180490945	0.0291252551735033	1.05249268603772
50	3	Unbalanced_JS	0.0195714425471421	0.0291252551735033	0.6719749725986
50	4	Unbalanced_JS	0.0469221521727529	0.0291252551735033	1.61104690390628
50	5	Unbalanced_JS	0.142715444459632	0.0291252551735033	4.90005816633899
50	6	Unbalanced_JS	0.0584552132950942	0.0291252551735033	2.00702836582437
50	7	Unbalanced_JS	0.0810350773306767	0.0291252551735033	2.78229587510699
50	8	Unbalanced_JS	0.0216647153882955	0.0291252551735033	0.743846371790933
50	9	Unbalanced_JS	0.022187935304685	0.0291252551735033	0.761810846720771
50	10	Unbalanced_JS	0.0383333515323019	0.0291252551735033	1.31615504495822
50	11	Unbalanced_JS	0.0426055519542514	0.0291252551735033	1.46283875284333
50	12	Unbalanced_JS	0.0410665065483893	0.0291252551735033	1.40999645509542
50	13	Unbalanced_JS	0.0534844638467274	0.0291252551735033	1.836360352145
50	14	Unbalanced_JS	0.040009676404455	0.0291252551735033	1.37371075948045
50	15	Unbalanced_JS	0.0168829809907815	0.0291252551735033	0.579668088406684
50	16	Unbalanced_JS	0.0181935808414536	0.0291252551735033	0.624666830661975
50	17	Unbalanced_JS	0.0498976960392057	0.0291252551735033	1.71321060509026
50	18	Unbalanced_JS	0.0310831273000467	0.0291252551735033	1.06722248834834
50	19	Unbalanced_JS	0.0255927139649404	0.0291252551735033	0.878712094108051
50	20	Unbalanced_JS	0.0162112931606456	0.0291252551735033	0.556606047365857
50	21	Unbalanced_JS	0.0457482153015405	0.0291252551735033	1.57074041168092
50	22	Unbalanced_JS	0.0295949556152813	0.0291252551735033	1.01612691250188
50	23	Unbalanced_JS	0.0217043902035384	0.0291252551735033	0.745208585272207
50	24	Unbalanced_JS	0.0299076892502281	0.0291252551735033	1.02686445396148
50	25	Unbalanced_JS	0.0324451030347556	0.0291252551735033	1.11398519400003
50	26	Unbalanced_JS	0.0896387058200597	0.0291252551735033	3.07769684028755
50	27	Unbalanced_JS	0.061101716020989	0.0291252551735033	2.09789461609855
50	28	Unbalanced_JS	0.0250927851939302	0.0291252551735033	0.861547308150569
50	29	Unbalanced_JS	0.0363118165086908	0.0291252551735033	1.24674672521755
50	30	Unbalanced_JS	0.0308968057931719	0.0291252551735033	1.06082523943963
50	1	Frac_Delta	-0.0495227272508292	0.0291252551735033	-1.70033625304964
50	2	Frac_Delta	-0.116596690906508	0.0291252551735033	-4.00328478538385
50	3	Frac_Delta	-0.104117807439385	0.0291252551735033	-3.57482902103829
50	4	Frac_Delta	-0.101778965557617	0.0291252551735033	-3.49452614067431
50	5	Frac_Delta	-0.0254576111928558	0.0291252551735033	-0.874073412960716
50	6	Frac_Delta	-0.240688005447891	0.0291252551735033	-8.26389344965661
50	7	Frac_Delta	-0.0321080004658819	0.0291252551735033	-1.10241095827693
50	8	Frac_Delta	-0.0631249815367216	0.0291252551735033	-2.16736235135717
50	9	Frac_Delta	-0.033555274590039	0.0291252551735033	-1.15210233833645
50	10	Frac_Delta	-0.0275332990431216	0.0291252551735033	-0.945341040931721
50	11	Frac_Delta	-0.0335973465698124	0.0291252551735033	-1.15354685717492
50	12	Frac_Delta	-0.23099094829785	0.0291252551735033	-7.9309501984379
50	13	Frac_Delta	-0.00499745923930488	0.0291252551735033	-0.171585080011636
50	14	Frac_Delta	1.85455497156058	0.0291252551735033	63.6751492995591
50	15	Frac_Delta	-0.0013785625033402	0.0291252551735033	-0.0473322034477606
50	16	Frac_Delta	0.0516397694460915	0.0291252551735033	1.77302376025432
50	17	Frac_Delta	-0.166556453555895	0.0291252551735033	-5.71862641421318
50	18	Frac_Delta	-0.0420849494605723	0.0291252551735033	-1.44496414571705
50	19	Frac_Delta	-0.096740333626321	0.0291252551735033	-3.32152741838741
50	20	Frac_Delta	-0.14657406013643	0.0291252551735033	-5.03254166403925
50	21	Frac_Delta	-0.0130982415845451	0.0291252551735033	-0.449721092794451
50	22	Frac_Delta	-0.259403739314784	0.0291252551735033	-8.90648812412042
50	23	Frac_Delta	-0.0553434232291915	0.0291252551735033	-1.90018672452835
50	24	Frac_Delta	-0.0932517438794478	0.0291252551735033	-3.2017485623365
50	25	Frac_Delta	-0.03457097406198	0.0291252551735033	-1.18697583441023
50	26	Frac_Delta	-0.128331221903627	0.0291252551735033	-4.40618360728994
50	27	Frac_Delta	-0.0705080865849568	0.0291252551735033	-2.42085729944442
50	28	Frac_Delta	-0.115451772330865	0.0291252551735033	-3.96397462075791
50	29	Frac_Delta	-0.153839032102556	0.0291252551735033	-5.28198057617403
50	30	Frac_Delta	-0.0783906300505139	0.0291252551735033	-2.69150019745852
100	1	Balanced	0.0212578107376492	0.0280896562488549	0.756784296301805
100	2	Balanced	0.0174898253839261	0.0280896562488549	0.622642912714146
100	3	Balanced	0.0239676788187418	0.0280896562488549	0.853256394681543
100	4	Balanced	0.0241280686217547	0.0280896562488549	0.858966318704536
100	5	Balanced	0.0506156245241194	0.0280896562488549	1.80193107653935
100	6	Balanced	0.0200394623264001	0.0280896562488549	0.713410735569861
100	7	Balanced	0.0133103239241152	0.0280896562488549	0.473851435069015
100	8	Balanced	0.00811456618394899	0.0280896562488549	0.288880935817069
100	9	Balanced	0.0361785260452324	0.0280896562488549	1.28796613688383
100	10	Balanced	0.0164615189383176	0.0280896562488549	0.586034901690499
100	11	Balanced	0.0286214117447502	0.0280896562488549	1.01893065159589
100	12	Balanced	0.0262633494600987	0.0280896562488549	0.934982942739619
100	13	Balanced	0.0436134846222358	0.0280896562488549	1.55265284259268
100	14	Balanced	0.0216223249567767	0.0280896562488549	0.76976110939977
100	15	Balanced	0.0147868294988313	0.0280896562488549	0.526415466527259
100	16	Balanced	0.016760713958833	0.0280896562488549	0.596686332162442
100	17	Balanced	0.0159260699050796	0.0280896562488549	0.56697275908205
100	18	Balanced	0.0501452336614437	0.0280896562488549	1.7851850238818
100	19	Balanced	0.00691999867566577	0.0280896562488549	0.246353982204673
100	20	Balanced	0.0787903023137336	0.0280896562488549	2.8049578683237
100	21	Balanced	0.0216448956401554	0.0280896562488549	0.770564632347106
100	22	Balanced	0.039369975289924	0.0280896562488549	1.40158266591564
100	23	Balanced	0.0625907152785531	0.0280896562488549	2.22824781919874
100	24	Balanced	0.0580953750733663	0.0280896562488549	2.06821238959571
100	25	Balanced	0.00938216258165379	0.0280896562488549	0.334007739309244
100	26	Balanced	0.0245283575773546	0.0280896562488549	0.873216722912177
100	27	Balanced	0.0333235097119407	0.0280896562488549	1.18632671815979
100	28	Balanced	0.0115473687389531	0.0280896562488549	0.411089713475004
100	29	Balanced	0.0191692160676239	0.0280896562488549	0.682429713549996
100	30	Balanced	0.0280249872044674	0.0280896562488549	0.997697763055037
100	1	Unbalanced_OLS	0.024277089857919	0.0280896562488549	0.864271518413784
100	2	Unbalanced_OLS	0.0490887727103862	0.0280896562488549	1.74757470420762
100	3	Unbalanced_OLS	0.0381020724642645	0.0280896562488549	1.35644495349842
100	4	Unbalanced_OLS	0.0149419795620046	0.0280896562488549	0.531938854275363
100	5	Unbalanced_OLS	0.184285392951155	0.0280896562488549	6.56061403238665
100	6	Unbalanced_OLS	0.028281093704774	0.0280896562488549	1.00681522957145
100	7	Unbalanced_OLS	0.0511942273975248	0.0280896562488549	1.82252950851301
100	8	Unbalanced_OLS	0.0202154899641164	0.0280896562488549	0.719677371094228
100	9	Unbalanced_OLS	0.0281242239285629	0.0280896562488549	1.00123061953488
100	10	Unbalanced_OLS	0.0288028170113924	0.0280896562488549	1.02538873228705
100	11	Unbalanced_OLS	0.0320938780814487	0.0280896562488549	1.1425514715139
100	12	Unbalanced_OLS	0.0152500538090011	0.0280896562488549	0.542906387813942
100	13	Unbalanced_OLS	0.0274074566414726	0.0280896562488549	0.975713493916106
100	14	Unbalanced_OLS	0.0249833462726371	0.0280896562488549	0.889414453893701
100	15	Unbalanced_OLS	0.0294721057645815	0.0280896562488549	1.04921560817544
100	16	Unbalanced_OLS	0.0258334892906529	0.0280896562488549	0.919679794647045
100	17	Unbalanced_OLS	0.0300822445923242	0.0280896562488549	1.07093672937171
100	18	Unbalanced_OLS	0.0400626012616586	0.0280896562488549	1.4262403536281
100	19	Unbalanced_OLS	0.0923248989308193	0.0280896562488549	3.28679347703242
100	20	Unbalanced_OLS	0.021120725664237	0.0280896562488549	0.751904027486917
100	21	Unbalanced_OLS	0.0476676585763182	0.0280896562488549	1.69698262428048
100	22	Unbalanced_OLS	0.0203403201855454	0.0280896562488549	0.724121363584667
100	23	Unbalanced_OLS	0.100047002417411	0.0280896562488549	3.56170262573043
100	24	Unbalanced_OLS	0.0192273280011582	0.0280896562488549	0.684498515425657
100	25	Unbalanced_OLS	0.0213913723152536	0.0280896562488549	0.761539127632635
100	26	Unbalanced_OLS	0.0195342560119505	0.0280896562488549	0.695425242619222
100	27	Unbalanced_OLS	0.0659626423969693	0.0280896562488549	2.34828941346188
100	28	Unbalanced_OLS	0.0137148130202033	0.0280896562488549	0.488251365509765
100	29	Unbalanced_OLS	0.0283994965039186	0.0280896562488549	1.01103040394367
100	30	Unbalanced_OLS	0.0290965899936947	0.0280896562488549	1.03584713660855
100	1	Unbalanced_JS	0.0228609061329537	0.0280896562488549	0.813854962496581
100	2	Unbalanced_JS	0.0459612236471908	0.0280896562488549	1.63623304037637
100	3	Unbalanced_JS	0.0363486928756367	0.0280896562488549	1.29402412594916
100	4	Unbalanced_JS	0.0144070227292287	0.0280896562488549	0.512894234147704
100	5	Unbalanced_JS	0.17846227352071	0.0280896562488549	6.35330927298143
100	6	Unbalanced_JS	0.0187759522431111	0.0280896562488549	0.668429406069238
100	7	Unbalanced_JS	0.0502284746489083	0.0280896562488549	1.7881484274467
100	8	Unbalanced_JS	0.0198245504729526	0.0280896562488549	0.705759810562321
100	9	Unbalanced_JS	0.0276092120764336	0.0280896562488549	0.98289604656729
100	10	Unbalanced_JS	0.0284960662301564	0.0280896562488549	1.01446831451766
100	11	Unbalanced_JS	0.0316452975048173	0.0280896562488549	1.12658187143559
100	12	Unbalanced_JS	0.0146678087402254	0.0280896562488549	0.522178292616996
100	13	Unbalanced_JS	0.0237220659776447	0.0280896562488549	0.844512505510342
100	14	Unbalanced_JS	0.0202468363905658	0.0280896562488549	0.720793313068444
100	15	Unbalanced_JS	0.0270295155866156	0.0280896562488549	0.962258681528633
100	16	Unbalanced_JS	0.0236608264405671	0.0280896562488549	0.842332360031343
100	17	Unbalanced_JS	0.0289490968242626	0.0280896562488549	1.03059633652309
100	18	Unbalanced_JS	0.0345769143382374	0.0280896562488549	1.23094829042798
100	19	Unbalanced_JS	0.0828724432058295	0.0280896562488549	2.95028328120633
100	20	Unbalanced_JS	0.0194741560848159	0.0280896562488549	0.693285667588396
100	21	Unbalanced_JS	0.0451439365741387	0.0280896562488549	1.60713738089903
100	22	Unbalanced_JS	0.018400034806779	0.0280896562488549	0.655046635094693
100	23	Unbalanced_JS	0.095105431472787	0.0280896562488549	3.3857812509423
100	24	Unbalanced_JS	0.0187394296655591	0.0280896562488549	0.667129191597816
100	25	Unbalanced_JS	0.0203391035506111	0.0280896562488549	0.724078051024219
100	26	Unbalanced_JS	0.018341489773767	0.0280896562488549	0.652962414750614
100	27	Unbalanced_JS	0.0651197922040673	0.0280896562488549	2.31828369942128
100	28	Unbalanced_JS	0.0123114341472799	0.0280896562488549	0.438290666080395
100	29	Unbalanced_JS	0.0250023785564207	0.0280896562488549	0.890092008777783
100	30	Unbalanced_JS	0.0287461849778985	0.0280896562488549	1.02337261528683
100	1	Frac_Delta	-0.0583341633306778	0.0280896562488549	-2.07671332158278
100	2	Frac_Delta	-0.0637121054471506	0.0280896562488549	-2.26816963805842
100	3	Frac_Delta	-0.0460179584790917	0.0280896562488549	-1.63825281703003
100	4	Frac_Delta	-0.035802273089456	0.0280896562488549	-1.27457142131868
100	5	Frac_Delta	-0.0315983775881118	0.0280896562488549	-1.12491150864119
100	6	Frac_Delta	-0.336095257166746	0.0280896562488549	-11.9650897180505
100	7	Frac_Delta	-0.0188644852693532	0.0280896562488549	-0.67158120776655
100	8	Frac_Delta	-0.0193386107315639	0.0280896562488549	-0.688460213262746
100	9	Frac_Delta	-0.0183120378161347	0.0280896562488549	-0.651913916421856
100	10	Frac_Delta	-0.0106500270829321	0.0280896562488549	-0.379144087367259
100	11	Frac_Delta	-0.0139771384278651	0.0280896562488549	-0.497590226951777
100	12	Frac_Delta	-0.0381798697937762	0.0280896562488549	-1.35921456124379
100	13	Frac_Delta	-0.134466715100124	0.0280896562488549	-4.78705449112094
100	14	Frac_Delta	-0.189586688283582	0.0280896562488549	-6.74934170087293
100	15	Frac_Delta	-0.0828780338085392	0.0280896562488549	-2.95048230830229
100	16	Frac_Delta	-0.0841025703357832	0.0280896562488549	-2.99407616777837
100	17	Frac_Delta	-0.0376683250674295	0.0280896562488549	-1.34100341897082
100	18	Frac_Delta	-0.136927876639682	0.0280896562488549	-4.87467256368665
100	19	Frac_Delta	-0.102382519065336	0.0280896562488549	-3.6448477033075
100	20	Frac_Delta	-0.0779598961511624	0.0280896562488549	-2.7753951654122
100	21	Frac_Delta	-0.0529441150993172	0.0280896562488549	-1.8848260238669
100	22	Frac_Delta	-0.0953910932112664	0.0280896562488549	-3.395950892605
100	23	Frac_Delta	-0.0493924937801482	0.0280896562488549	-1.75838726336004
100	24	Frac_Delta	-0.0253752541991128	0.0280896562488549	-0.903366491006711
100	25	Frac_Delta	-0.0491912696920381	0.0280896562488549	-1.75122362681257
100	26	Frac_Delta	-0.0610602337480273	0.0280896562488549	-2.17376222788474
100	27	Frac_Delta	-0.0127776899510732	0.0280896562488549	-0.454889509429085
100	28	Frac_Delta	-0.10232577512038	0.0280896562488549	-3.6428276022264
100	29	Frac_Delta	-0.119618949829944	0.0280896562488549	-4.25846969326371
100	30	Frac_Delta	-0.0120428206835276	0.0280896562488549	-0.428727947997531
250	1	Balanced	0.0514474769362572	0.0277702332012888	1.85261234802557
250	2	Balanced	0.023388719492871	0.0277702332012888	0.842222653419619
250	3	Balanced	0.0197767825850658	0.0277702332012888	0.712157598451421
250	4	Balanced	0.0251623932101049	0.0277702332012888	0.906092254527308
250	5	Balanced	0.012009815499091	0.0277702332012888	0.432470819097537
250	6	Balanced	0.0319472171744518	0.0277702332012888	1.15041227572295
250	7	Balanced	0.0264001795641349	0.0277702332012888	0.950664669352133
250	8	Balanced	0.0134618657293629	0.0277702332012888	0.484758829059388
250	9	Balanced	0.0335089172945587	0.0277702332012888	1.20664875414167
250	10	Balanced	0.0382980782655958	0.0277702332012888	1.37910538914086
250	11	Balanced	0.0153865248299548	0.0277702332012888	0.55406538066957
250	12	Balanced	0.035583457634751	0.0277702332012888	1.28135249628007
250	13	Balanced	0.00850514649425024	0.0277702332012888	0.306268457762016
250	14	Balanced	0.0364802881641662	0.0277702332012888	1.31364716672502
250	15	Balanced	0.0217038677302136	0.0277702332012888	0.781551511393371
250	16	Balanced	0.0173046064357559	0.0277702332012888	0.623135078136572
250	17	Balanced	0.0313198619672493	0.0277702332012888	1.12782135246152
250	18	Balanced	0.0456866445871563	0.0277702332012888	1.64516604005457
250	19	Balanced	0.0122557469085955	0.0277702332012888	0.44132675515403
250	20	Balanced	0.0277703573357341	0.0277702332012888	1.00000447005412
250	21	Balanced	0.0283869305314068	0.0277702332012888	1.0222071354478
250	22	Balanced	0.0901760768223174	0.0277702332012888	3.24722072618866
250	23	Balanced	0.017456715643134	0.0277702332012888	0.628612497295266
250	24	Balanced	0.0137108619886363	0.0277702332012888	0.493725129683102
250	25	Balanced	0.0316245791609866	0.0277702332012888	1.1387941517005
250	26	Balanced	0.0202571638388232	0.0277702332012888	0.729456021920733
250	27	Balanced	0.0119003832009128	0.0277702332012888	0.428530186068458
250	28	Balanced	0.0501525782740438	0.0277702332012888	1.80598333152335
250	29	Balanced	0.00795986218504685	0.0277702332012888	0.286632889517018
250	30	Balanced	0.0340838965540351	0.0277702332012888	1.2273536310258
250	1	Unbalanced_OLS	0.0393578401826869	0.0277702332012888	1.41726718308078
250	2	Unbalanced_OLS	0.0515131323149024	0.0277702332012888	1.85497658379447
250	3	Unbalanced_OLS	0.106642185375111	0.0277702332012888	3.84016167967079
250	4	Unbalanced_OLS	0.0223475983079938	0.0277702332012888	0.80473210815373
250	5	Unbalanced_OLS	0.0392260961525936	0.0277702332012888	1.41252310948448
250	6	Unbalanced_OLS	0.0355663777940677	0.0277702332012888	1.28073745496732
250	7	Unbalanced_OLS	0.0494849877554109	0.0277702332012888	1.78194354353187
250	8	Unbalanced_OLS	0.0501379012405499	0.0277702332012888	1.8054548147699
250	9	Unbalanced_OLS	0.0509730405283219	0.0277702332012888	1.83552799714899
250	10	Unbalanced_OLS	0.0229953181288756	0.0277702332012888	0.828056356682248
250	11	Unbalanced_OLS	0.0546467007604955	0.0277702332012888	1.96781569547494
250	12	Unbalanced_OLS	0.03315730946729	0.0277702332012888	1.19398743348512
250	13	Unbalanced_OLS	0.0649173006104362	0.0277702332012888	2.33765774093044
250	14	Unbalanced_OLS	0.429008771454218	0.0277702332012888	15.4485116615552
250	15	Unbalanced_OLS	0.165159163353186	0.0277702332012888	5.9473452079445
250	16	Unbalanced_OLS	0.0172421297126946	0.0277702332012888	0.620885305057302
250	17	Unbalanced_OLS	0.0919801665329265	0.0277702332012888	3.31218560053928
250	18	Unbalanced_OLS	0.0294912013535241	0.0277702332012888	1.06197168528478
250	19	Unbalanced_OLS	0.0750683385389027	0.0277702332012888	2.70319438784615
250	20	Unbalanced_OLS	0.0967098464631784	0.0277702332012888	3.48250033632019
250	21	Unbalanced_OLS	0.0388606879846666	0.0277702332012888	1.399364841591
250	22	Unbalanced_OLS	0.0356678419954517	0.0277702332012888	1.28439115858042
250	23	Unbalanced_OLS	0.0195645078557834	0.0277702332012888	0.704513632059648
250	24	Unbalanced_OLS	0.0258993252110714	0.0277702332012888	0.932629014072142
250	25	Unbalanced_OLS	0.0270081087748729	0.0277702332012888	0.9725560667463
250	26	Unbalanced_OLS	0.0309988614248395	0.0277702332012888	1.11626219341222
250	27	Unbalanced_OLS	0.137710722520157	0.0277702332012888	4.9589328804688
250	28	Unbalanced_OLS	0.0260297808419538	0.0277702332012888	0.937326692695751
250	29	Unbalanced_OLS	0.0581341942936538	0.0277702332012888	2.09339957184644
250	30	Unbalanced_OLS	0.0268893283468068	0.0277702332012888	0.968278809612548
250	1	Unbalanced_JS	0.0382031097806584	0.0277702332012888	1.37568559485073
250	2	Unbalanced_JS	0.0495237507699314	0.0277702332012888	1.78333939117346
250	3	Unbalanced_JS	0.106482836371651	0.0277702332012888	3.83442355704487
250	4	Unbalanced_JS	0.0176550632628946	0.0277702332012888	0.635754951531168
250	5	Unbalanced_JS	0.037915964525048	0.0277702332012888	1.36534555724539
250	6	Unbalanced_JS	0.0343552818092239	0.0277702332012888	1.23712615447643
250	7	Unbalanced_JS	0.0442962388285254	0.0277702332012888	1.59509783398109
250	8	Unbalanced_JS	0.0485884298140144	0.0277702332012888	1.74965868892161
250	9	Unbalanced_JS	0.0507772144030208	0.0277702332012888	1.82847634137492
250	10	Unbalanced_JS	0.0210281236422988	0.0277702332012888	0.757218115162349
250	11	Unbalanced_JS	0.0510671565402779	0.0277702332012888	1.83891709407424
250	12	Unbalanced_JS	0.0322687010055243	0.0277702332012888	1.16198883789088
250	13	Unbalanced_JS	0.0635042605725572	0.0277702332012888	2.28677447943109
250	14	Unbalanced_JS	0.424132382903099	0.0277702332012888	15.2729139805501
250	15	Unbalanced_JS	0.160806859023431	0.0277702332012888	5.79061968467618
250	16	Unbalanced_JS	0.0162573508266974	0.0277702332012888	0.585423633602866
250	17	Unbalanced_JS	0.0885275647194546	0.0277702332012888	3.18785816733242
250	18	Unbalanced_JS	0.0293416565344025	0.0277702332012888	1.05658660918414
250	19	Unbalanced_JS	0.070060656826401	0.0277702332012888	2.52286886892796
250	20	Unbalanced_JS	0.0948842173954962	0.0277702332012888	3.41675983445082
250	21	Unbalanced_JS	0.0388593164858603	0.0277702332012888	1.39931545422013
250	22	Unbalanced_JS	0.0324434822958222	0.0277702332012888	1.16828267377735
250	23	Unbalanced_JS	0.0177600050668292	0.0277702332012888	0.639533882848523
250	24	Unbalanced_JS	0.0227952881320958	0.0277702332012888	0.820853320419285
250	25	Unbalanced_JS	0.0269299589332703	0.0277702332012888	0.969741908109743
250	26	Unbalanced_JS	0.0288203335028104	0.0277702332012888	1.03781388128469
250	27	Unbalanced_JS	0.134604176389108	0.0277702332012888	4.84706683640167
250	28	Unbalanced_JS	0.0256558932006178	0.0277702332012888	0.923863080826671
250	29	Unbalanced_JS	0.0575708047174527	0.0277702332012888	2.07311203691228
250	30	Unbalanced_JS	0.0229119000860633	0.0277702332012888	0.825052491276882
250	1	Frac_Delta	-0.0293392725990196	0.0277702332012888	-1.05650076419445
250	2	Frac_Delta	-0.0386189201776718	0.0277702332012888	-1.39065883594667
250	3	Frac_Delta	-0.00149423985356923	0.0277702332012888	-0.0538072490331081
250	4	Frac_Delta	-0.209979389302908	0.0277702332012888	-7.56131170310674
250	5	Frac_Delta	-0.0333994905444845	0.0277702332012888	-1.2027083208986
250	6	Frac_Delta	-0.0340517100688762	0.0277702332012888	-1.2261946027625
250	7	Frac_Delta	-0.104855010827361	0.0277702332012888	-3.77580591662063
250	8	Frac_Delta	-0.0309041939969018	0.0277702332012888	-1.11285324011854
250	9	Frac_Delta	-0.0038417587664266	0.0277702332012888	-0.1383408896346
250	10	Frac_Delta	-0.0855476091068548	0.0277702332012888	-3.08055062003889
250	11	Frac_Delta	-0.0655033912459952	0.0277702332012888	-2.35876273602755
250	12	Frac_Delta	-0.0267997758576369	0.0277702332012888	-0.9650540441408
250	13	Frac_Delta	-0.0217667713320143	0.0277702332012888	-0.783816656282314
250	14	Frac_Delta	-0.0113666406740111	0.0277702332012888	-0.409310234869889
250	15	Frac_Delta	-0.026352181988523	0.0277702332012888	-0.948936287193297
250	16	Frac_Delta	-0.0571146895659957	0.0277702332012888	-2.05668743045864
250	17	Frac_Delta	-0.0375363727161332	0.0277702332012888	-1.35167653955427
250	18	Frac_Delta	-0.0050708283236375	0.0277702332012888	-0.182599414519939
250	19	Frac_Delta	-0.0667083061909847	0.0277702332012888	-2.40215145863049
250	20	Frac_Delta	-0.0188773856483922	0.0277702332012888	-0.679770512244604
250	21	Frac_Delta	-3.52927052359425e-05	0.0277702332012888	-0.00127088256624019
250	22	Frac_Delta	-0.0903996294488637	0.0277702332012888	-3.25527080718459
250	23	Frac_Delta	-0.0922334874076982	0.0277702332012888	-3.32130762961752
250	24	Frac_Delta	-0.119850113996358	0.0277702332012888	-4.31577628922454
250	25	Frac_Delta	-0.00289356956660823	0.0277702332012888	-0.104196804745375
250	26	Frac_Delta	-0.0702776754336997	0.0277702332012888	-2.53068366132547
250	27	Frac_Delta	-0.0225584912648692	0.0277702332012888	-0.812326317224527
250	28	Frac_Delta	-0.0143638413095427	0.0277702332012888	-0.517238771652665
250	29	Frac_Delta	-0.00969119092551994	0.0277702332012888	-0.348977657309344
250	30	Frac_Delta	-0.147918468228152	0.0277702332012888	-5.32651156207384
500	1	Balanced	0.038747404378857	0.0381208786385443	1.0164352387114
500	2	Balanced	0.0458031491253809	0.0381208786385443	1.20152396170294
500	3	Balanced	0.0192152657585279	0.0381208786385443	0.504061460406611
500	4	Balanced	0.0671372671150193	0.0381208786385443	1.76116788260846
500	5	Balanced	0.03971975983431	0.0381208786385443	1.04194240145738
500	6	Balanced	0.0153853460542974	0.0381208786385443	0.403593689436663
500	7	Balanced	0.0369449177306458	0.0381208786385443	0.969151788996031
500	8	Balanced	0.144992518862663	0.0381208786385443	3.8034936245163
500	9	Balanced	0.0172355414461521	0.0381208786385443	0.452128651324556
500	10	Balanced	0.0242958113952347	0.0381208786385443	0.637336080986051
500	11	Balanced	0.0464226917423424	0.0381208786385443	1.21777601672077
500	12	Balanced	0.0267645496038424	0.0381208786385443	0.702096870788821
500	13	Balanced	0.014414580171962	0.0381208786385443	0.378128224919435
500	14	Balanced	0.109886128863993	0.0381208786385443	2.88257072734116
500	15	Balanced	0.0169956112270903	0.0381208786385443	0.445834719294898
500	16	Balanced	0.0146486010792201	0.0381208786385443	0.384267141849369
500	17	Balanced	0.00716685578095835	0.0381208786385443	0.188003425863114
500	18	Balanced	0.0469709606294219	0.0381208786385443	1.23215839474196
500	19	Balanced	0.0200236814510422	0.0381208786385443	0.525268098904629
500	20	Balanced	0.0386922250110403	0.0381208786385443	1.01498775455606
500	21	Balanced	0.0124593868650385	0.0381208786385443	0.326838921609763
500	22	Balanced	0.00988118831258877	0.0381208786385443	0.259206730418795
500	23	Balanced	0.0540790751154515	0.0381208786385443	1.41862089875263
500	24	Balanced	0.028025690548174	0.0381208786385443	0.735179553805904
500	25	Balanced	0.0809272639349097	0.0381208786385443	2.12291182221292
500	26	Balanced	0.0351760936100544	0.0381208786385443	0.922751386283306
500	27	Balanced	0.092053497339569	0.0381208786385443	2.41477900371617
500	28	Balanced	0.0093204705219274	0.0381208786385443	0.244497788477084
500	29	Balanced	0.0176168474870984	0.0381208786385443	0.462131202539646
500	30	Balanced	0.0126239781595177	0.0381208786385443	0.33115653705719
500	1	Unbalanced_OLS	0.0865457467756006	0.0381208786385443	2.27029779654904
500	2	Unbalanced_OLS	0.0258247578139587	0.0381208786385443	0.677443929318225
500	3	Unbalanced_OLS	0.0474320294679546	0.0381208786385443	1.24425331109749
500	4	Unbalanced_OLS	0.0252539201037562	0.0381208786385443	0.662469518166399
500	5	Unbalanced_OLS	0.0458780919802274	0.0381208786385443	1.20348988844763
500	6	Unbalanced_OLS	0.0880871078763338	0.0381208786385443	2.31073131108967
500	7	Unbalanced_OLS	0.0551537039665693	0.0381208786385443	1.44681093239029
500	8	Unbalanced_OLS	0.0216639111841677	0.0381208786385443	0.568295169415722
500	9	Unbalanced_OLS	0.0320340466183366	0.0381208786385443	0.840328128899598
500	10	Unbalanced_OLS	0.0268020755641873	0.0381208786385443	0.703081264687523
500	11	Unbalanced_OLS	0.0447713604886801	0.0381208786385443	1.17445772730462
500	12	Unbalanced_OLS	0.104701959746924	0.0381208786385443	2.74657781998391
500	13	Unbalanced_OLS	0.0720515556023547	0.0381208786385443	1.89008118846198
500	14	Unbalanced_OLS	0.0182518273217941	0.0381208786385443	0.478788211962658
500	15	Unbalanced_OLS	0.0303817144034593	0.0381208786385443	0.796983581924581
500	16	Unbalanced_OLS	0.0331255951042641	0.0381208786385443	0.868962004217041
500	17	Unbalanced_OLS	0.160643151434879	0.0381208786385443	4.21404640113546
500	18	Unbalanced_OLS	0.0242495950759998	0.0381208786385443	0.636123718603926
500	19	Unbalanced_OLS	0.0367698535453496	0.0381208786385443	0.964559445074577
500	20	Unbalanced_OLS	0.0310596194813336	0.0381208786385443	0.814766621090652
500	21	Unbalanced_OLS	0.342046816289105	0.0381208786385443	8.97268973079909
500	22	Unbalanced_OLS	0.140125505583493	0.0381208786385443	3.67582045818352
500	23	Unbalanced_OLS	0.0472576277477906	0.0381208786385443	1.23967834518924
500	24	Unbalanced_OLS	0.0179276082216209	0.0381208786385443	0.470283185012797
500	25	Unbalanced_OLS	0.0409877939052133	0.0381208786385443	1.07520590734155
500	26	Unbalanced_OLS	0.0388908372106468	0.0381208786385443	1.02019781808817
500	27	Unbalanced_OLS	0.0301793895126732	0.0381208786385443	0.791676125800484
500	28	Unbalanced_OLS	0.0523336689573097	0.0381208786385443	1.37283480408541
500	29	Unbalanced_OLS	0.0211517627849722	0.0381208786385443	0.554860316456229
500	30	Unbalanced_OLS	0.026111162193138	0.0381208786385443	0.684956987500722
500	1	Unbalanced_JS	0.0832577602640647	0.0381208786385443	2.18404620348604
500	2	Unbalanced_JS	0.0240133420154664	0.0381208786385443	0.629926247061532
500	3	Unbalanced_JS	0.0461553457329553	0.0381208786385443	1.21076290424973
500	4	Unbalanced_JS	0.0250476217882196	0.0381208786385443	0.6570578297976
500	5	Unbalanced_JS	0.0457054151570228	0.0381208786385443	1.19896017062969
500	6	Unbalanced_JS	0.0872204046873518	0.0381208786385443	2.28799565493652
500	7	Unbalanced_JS	0.0551439727518644	0.0381208786385443	1.44655565981913
500	8	Unbalanced_JS	0.0203929780598416	0.0381208786385443	0.534955614565035
500	9	Unbalanced_JS	0.0318838367312578	0.0381208786385443	0.83638777147754
500	10	Unbalanced_JS	0.0263520451592785	0.0381208786385443	0.691275912319443
500	11	Unbalanced_JS	0.0445445230783659	0.0381208786385443	1.16850725033726
500	12	Unbalanced_JS	0.104467103410222	0.0381208786385443	2.74041698778146
500	13	Unbalanced_JS	0.071367336170866	0.0381208786385443	1.87213250900009
500	14	Unbalanced_JS	0.0173387592651018	0.0381208786385443	0.45483629665268
500	15	Unbalanced_JS	0.0297209805528665	0.0381208786385443	0.779650984298547
500	16	Unbalanced_JS	0.0327180351400093	0.0381208786385443	0.858270751055771
500	17	Unbalanced_JS	0.160580838848546	0.0381208786385443	4.21241179593855
500	18	Unbalanced_JS	0.0231153081849392	0.0381208786385443	0.606368714743294
500	19	Unbalanced_JS	0.036635790958043	0.0381208786385443	0.961042669173955
500	20	Unbalanced_JS	0.0286678391620082	0.0381208786385443	0.752024617108953
500	21	Unbalanced_JS	0.341609270250067	0.0381208786385443	8.96121187261048
500	22	Unbalanced_JS	0.133807407734693	0.0381208786385443	3.51008194232436
500	23	Unbalanced_JS	0.045073167792266	0.0381208786385443	1.18237484029794
500	24	Unbalanced_JS	0.0178324545280457	0.0381208786385443	0.467787080595126
500	25	Unbalanced_JS	0.0375915894461036	0.0381208786385443	0.986115503856578
500	26	Unbalanced_JS	0.0371903359093266	0.0381208786385443	0.975589683069978
500	27	Unbalanced_JS	0.0297341057975227	0.0381208786385443	0.779995290230753
500	28	Unbalanced_JS	0.0511761968122523	0.0381208786385443	1.34247159666744
500	29	Unbalanced_JS	0.0207187478947539	0.0381208786385443	0.543501320921943
500	30	Unbalanced_JS	0.0249142424382759	0.0381208786385443	0.653558976814478
500	1	Frac_Delta	-0.0379913125027527	0.0381208786385443	-0.996601176562058
500	2	Frac_Delta	-0.0701426054618487	0.0381208786385443	-1.84000495179896
500	3	Frac_Delta	-0.0269160680940664	0.0381208786385443	-0.706071555938675
500	4	Frac_Delta	-0.00816896207357305	0.0381208786385443	-0.214291022802222
500	5	Frac_Delta	-0.00376381875861415	0.0381208786385443	-0.0987337882293332
500	6	Frac_Delta	-0.00983916046146949	0.0381208786385443	-0.25810424137289
500	7	Frac_Delta	-0.000176438099438534	0.0381208786385443	-0.00462838490978893
500	8	Frac_Delta	-0.0586659127948673	0.0381208786385443	-1.53894440238714
500	9	Frac_Delta	-0.00468907000318827	0.0381208786385443	-0.123005297114194
500	10	Frac_Delta	-0.0167908788941006	0.0381208786385443	-0.440464110318884
500	11	Frac_Delta	-0.00506657398475869	0.0381208786385443	-0.132908111400031
500	12	Frac_Delta	-0.00224309399049916	0.0381208786385443	-0.0588416130637438
500	13	Frac_Delta	-0.00949624787096679	0.0381208786385443	-0.249108840355139
500	14	Frac_Delta	-0.0500261174179567	0.0381208786385443	-1.31230231843016
500	15	Frac_Delta	-0.0217477474055104	0.0381208786385443	-0.570494390009182
500	16	Frac_Delta	-0.0123034759970926	0.0381208786385443	-0.322749014096764
500	17	Frac_Delta	-0.000387894446644064	0.0381208786385443	-0.0101753805394155
500	18	Frac_Delta	-0.0467754982095844	0.0381208786385443	-1.22703095731611
500	19	Frac_Delta	-0.00364599187595959	0.0381208786385443	-0.0956429129173613
500	20	Frac_Delta	-0.077006105009202	0.0381208786385443	-2.02005063260374
500	21	Frac_Delta	-0.00127919927390538	0.0381208786385443	-0.0335563953295656
500	22	Frac_Delta	-0.0450888496172825	0.0381208786385443	-1.18278621132549
500	23	Frac_Delta	-0.0462244945341477	0.0381208786385443	-1.21257683938611
500	24	Frac_Delta	-0.00530766248340943	0.0381208786385443	-0.139232427818251
500	25	Frac_Delta	-0.0828589229994571	0.0381208786385443	-2.17358376718206
500	26	Frac_Delta	-0.0437249857108925	0.0381208786385443	-1.14700886423646
500	27	Frac_Delta	-0.0147545633739043	0.0381208786385443	-0.387046781208915
500	28	Frac_Delta	-0.0221171602931483	0.0381208786385443	-0.580184955936074
500	29	Frac_Delta	-0.02047181100792	0.0381208786385443	-0.537023587573368
500	30	Frac_Delta	-0.0458393902963312	0.0381208786385443	-1.20247465256435
