Total	Balanced	Iteration	FN	FP	TN	TP	TPR	TNR	PPV	NPV	FNR	FDR	FOR	ACC	F1	MCC
4	balanced	1	3313	1	2145	327	0.0898351648351648	0.999534016775396	0.996951219512195	0.393001099303774	0.910164835164835	0.00304878048780488	0.606998900696226	0.427238161078465	0.164818548387097	0.186680796012133
4	balanced	2	2824	78	2079	827	0.226513284031772	0.963838664812239	0.913812154696133	0.424026106465429	0.773486715968228	0.0861878453038674	0.575973893534571	0.50034435261708	0.363037752414399	0.253590558590369
4	balanced	3	3068	26	2126	578	0.158529895776193	0.987918215613383	0.956953642384106	0.409318444358876	0.841470104223807	0.043046357615894	0.590681555641124	0.466367713004484	0.272	0.231602796525061
4	balanced	4	3163	11	2150	483	0.132473944048272	0.994909763998149	0.977732793522267	0.404667795972144	0.867526055951728	0.0222672064777328	0.595332204027856	0.453418288272774	0.233333333333333	0.220707057089109
4	balanced	5	3382	1	2162	268	0.0734246575342466	0.99953767914933	0.996282527881041	0.38997113997114	0.926575342465753	0.00371747211895911	0.61002886002886	0.418028556683296	0.136769584077571	0.167874864584002
4	balanced	6	2870	19	2138	780	0.213698630136986	0.991191469633751	0.97622027534418	0.426916932907348	0.786301369863014	0.0237797246558198	0.573083067092652	0.502496986395729	0.350640593391773	0.287400109290084
4	balanced	7	3554	0	2158	92	0.0252331321996709	1	1	0.377801120448179	0.974766867800329	0	0.622198879551821	0.387663680220538	0.0492241840556447	0.0976376239850842
4	balanced	8	2989	45	2109	657	0.18019747668678	0.979108635097493	0.935897435897436	0.413691643781875	0.81980252331322	0.0641025641025641	0.586308356218125	0.476896551724138	0.302207911683533	0.235990840936578
4	balanced	9	3380	3	2148	265	0.0727023319615912	0.99860529986053	0.988805970149254	0.388567293777135	0.927297668038409	0.0111940298507463	0.611432706222865	0.41632160110421	0.135445949399438	0.164041439165764
4	balanced	10	3480	0	2154	162	0.0444810543657331	1	1	0.382321618743344	0.955518945634267	0	0.617678381256656	0.399585921325052	0.0851735015772871	0.130407318462262
4	unbalanced	1	3179	9	2151	460	0.126408353943391	0.995833333333333	0.980810234541578	0.403564727954972	0.873591646056609	0.0191897654584222	0.596435272045028	0.450250043110881	0.223953261927946	0.216764028294609
4	unbalanced	2	3466	0	2157	168	0.0462300495321959	1	1	0.383603058865374	0.953769950467804	0	0.616396941134626	0.401485063028838	0.088374539715939	0.133169021968505
4	unbalanced	3	3596	0	2153	40	0.011001100110011	1	1	0.374499913028353	0.988998899889989	0	0.625500086971647	0.378821903610295	0.0217627856365615	0.064186533123509
4	unbalanced	4	2884	52	2106	754	0.207256734469489	0.975903614457831	0.935483870967742	0.422044088176353	0.792743265530511	0.0645161290322581	0.577955911823647	0.49344375431332	0.339333933393339	0.255900265236488
4	unbalanced	5	3574	0	2157	61	0.0167812929848693	1	1	0.376374105740708	0.983218707015131	0	0.623625894259292	0.382941988950276	0.033008658008658	0.0794735436504062
4	unbalanced	6	3138	3	2157	501	0.137675185490519	0.998611111111111	0.994047619047619	0.407365439093485	0.862324814509481	0.00595238095238095	0.592634560906516	0.458354888773927	0.241853729181752	0.233895487561402
4	unbalanced	7	3093	28	2130	551	0.151207464324918	0.987025023169602	0.951640759930915	0.407811602527283	0.848792535675082	0.0483592400690846	0.592188397472717	0.462082040675629	0.260951929907649	0.222908039779588
4	unbalanced	8	3481	1	2159	157	0.043155579989005	0.999537037037037	0.993670886075949	0.382801418439716	0.956844420010995	0.00632911392405063	0.617198581560284	0.39944808554674	0.0827186512118019	0.126777710649778
4	unbalanced	9	3585	0	2147	50	0.0137551581843191	1	1	0.374563852058618	0.986244841815681	0	0.625436147941382	0.379972327914217	0.0271370420624152	0.071778722719161
4	unbalanced	10	2247	97	2063	1392	0.382522671063479	0.955092592592593	0.934855607790463	0.478654292343388	0.617477328936521	0.0651443922095366	0.521345707656613	0.595792377996206	0.542901716068643	0.373640541106136
6	balanced	1	2920	4	2157	730	0.2	0.998149005090236	0.994550408719346	0.424857199133346	0.8	0.00544959128065395	0.575142800866654	0.496816382722423	0.333029197080292	0.288279725654245
6	balanced	2	3300	0	2161	351	0.0961380443714051	1	1	0.395715070499908	0.903861955628595	0	0.604284929500092	0.432209222298692	0.175412293853073	0.195046848234351
6	balanced	3	3209	1	2160	439	0.120339912280702	0.999537251272559	0.997727272727273	0.402309554851928	0.879660087719298	0.00227272727272727	0.597690445148072	0.447409192632123	0.214774951076321	0.218986940722591
6	balanced	4	2848	7	2157	800	0.219298245614035	0.996765249537893	0.991325898389096	0.430969030969031	0.780701754385965	0.00867410161090459	0.569030969030969	0.508774948382657	0.359147025813692	0.302063765490092
6	balanced	5	2668	0	2148	978	0.268239166209545	1	1	0.446013289036545	0.731760833790455	0	0.553986710963455	0.539523645150155	0.423010380622837	0.345887601352722
6	balanced	6	3453	1	2153	195	0.0534539473684211	0.999535747446611	0.994897959183674	0.384052800570817	0.946546052631579	0.00510204081632653	0.615947199429183	0.404688038607377	0.101456815816857	0.141705628361456
6	balanced	7	3386	0	2160	262	0.0718201754385965	1	1	0.389469888207717	0.928179824561403	0	0.610530111792283	0.417011019283747	0.134015345268542	0.167247707605004
6	balanced	8	2158	233	1918	1486	0.407793633369923	0.891678289167829	0.864456079115765	0.470559371933268	0.592206366630077	0.135543920884235	0.529440628066732	0.587402933563417	0.554167443595003	0.316745514894065
6	balanced	9	1610	251	1901	2038	0.558662280701754	0.883364312267658	0.890345128877239	0.541441184847622	0.441337719298246	0.109654871122761	0.458558815152378	0.679137931034483	0.686542024591545	0.436876450666115
6	balanced	10	3249	9	2141	396	0.108641975308642	0.995813953488372	0.977777777777778	0.39721706864564	0.891358024691358	0.0222222222222222	0.60278293135436	0.43779119930975	0.195555555555556	0.197915221691642
6	unbalanced	1	3205	9	2143	422	0.116349600220568	0.995817843866171	0.979118329466357	0.400710545998504	0.883650399779432	0.0208816705336427	0.599289454001496	0.443848416681087	0.207984228684081	0.206408415892458
6	unbalanced	2	3194	26	2131	437	0.120352519966951	0.98794622160408	0.943844492440605	0.40018779342723	0.879647480033049	0.0561555075593953	0.59981220657277	0.443676572218383	0.213483146067416	0.193023997521789
6	unbalanced	3	3360	1	2157	273	0.0751445086705202	0.999536607970343	0.996350364963504	0.390973355084285	0.92485549132948	0.00364963503649635	0.609026644915715	0.419616646520463	0.139749168159713	0.170075771098243
6	unbalanced	4	2956	73	2071	669	0.184551724137931	0.965951492537313	0.901617250673855	0.411975333200716	0.815448275862069	0.0983827493261455	0.588024666799284	0.47495233142659	0.306388825280513	0.217247997916262
6	unbalanced	5	3400	6	2150	234	0.0643918547055586	0.99721706864564	0.975	0.387387387387387	0.935608145294441	0.025	0.612612612612613	0.411744386873921	0.120805369127517	0.149419867397179
6	unbalanced	6	3510	0	2162	121	0.0333241531258606	1	1	0.381170662905501	0.966675846874139	0	0.618829337094499	0.394096323148628	0.064498933901919	0.112703990780046
6	unbalanced	7	3500	1	2152	131	0.0360782153676673	0.99953553181607	0.992424242424242	0.380750176928521	0.963921784632333	0.00757575757575758	0.619249823071479	0.394709543568465	0.0696252989635929	0.115282867010964
6	unbalanced	8	3594	0	2158	43	0.0118229309870773	1	1	0.375173852573018	0.988177069012923	0	0.624826147426982	0.379810181190682	0.0233695652173913	0.0666007099596295
6	unbalanced	9	3545	0	2154	81	0.0223386651958081	1	1	0.377961045797508	0.977661334804192	0	0.622038954202492	0.386678200692042	0.0437011060156461	0.091886589114669
6	unbalanced	10	3397	1	2152	236	0.0649600880814754	0.99953553181607	0.9957805907173	0.387817624797261	0.935039911918525	0.00421940928270042	0.612182375202739	0.41272035948842	0.121963824289406	0.157290828407775
8	balanced	1	2918	1	2161	733	0.200766913174473	0.999537465309898	0.998637602179837	0.425477456192164	0.799233086825527	0.00136239782016349	0.574522543807836	0.497849647342164	0.334321550741163	0.291465440786839
8	balanced	2	2361	12	2137	1283	0.352085620197585	0.994416007445323	0.990733590733591	0.475100044464206	0.647914379802415	0.00926640926640927	0.524899955535794	0.590367685137235	0.519538368090707	0.401761263447398
8	balanced	3	3451	0	2155	198	0.0542614414908194	1	1	0.384409561184445	0.945738558509181	0	0.615590438815555	0.405410062026189	0.102937353782168	0.1444251256282
8	balanced	4	3235	7	2140	408	0.111995608015372	0.996739636702375	0.983132530120482	0.398139534883721	0.888004391984628	0.0168674698795181	0.601860465116279	0.44006908462867	0.201084277969443	0.203611667868698
8	balanced	5	2315	20	2135	1336	0.365927143248425	0.990719257540603	0.985250737463127	0.479775280898876	0.634072856751575	0.0147492625368732	0.520224719101124	0.597829831209094	0.533652885959656	0.407246676747719
8	balanced	6	3424	0	2156	222	0.0608886450905102	1	1	0.386379928315412	0.93911135490949	0	0.613620071684588	0.409858669424336	0.114788004136505	0.153382366409225
8	balanced	7	3075	4	2154	573	0.157072368421053	0.998146431881372	0.993067590987868	0.411933448078026	0.842927631578947	0.00693240901213172	0.588066551921974	0.469686531174647	0.271242603550296	0.250726495219479
8	balanced	8	2904	1	2159	748	0.204819277108434	0.999537037037037	0.998664886515354	0.426427019553624	0.795180722891566	0.0013351134846462	0.573572980446376	0.500172057811425	0.33992274483072	0.29473753594907
8	balanced	9	2208	52	2096	1439	0.394570880175487	0.975791433891992	0.965124077800134	0.486988847583643	0.605429119824513	0.0348759221998659	0.513011152416357	0.610008628127696	0.560140132347217	0.409201159901769
8	balanced	10	1236	166	1992	2407	0.660719187482844	0.923076923076923	0.935483870967742	0.617100371747212	0.339280812517156	0.0645161290322581	0.382899628252788	0.758317531460093	0.774453024453024	0.567975819602916
8	unbalanced	1	3513	0	2149	114	0.0314309346567411	1	1	0.379547862945956	0.968569065343259	0	0.620452137054045	0.391793628808864	0.0609462710505213	0.109222452267654
8	unbalanced	2	3489	5	2150	138	0.0380479735318445	0.997679814385151	0.965034965034965	0.38127327540344	0.961952026468155	0.034965034965035	0.61872672459656	0.395710826703563	0.0732095490716181	0.111233211624457
8	unbalanced	3	3364	1	2149	263	0.072511717673008	0.99953488372093	0.996212121212121	0.389805913295846	0.927488282326992	0.00378787878787879	0.610194086704154	0.417517742773066	0.135183757388846	0.166767165422535
8	unbalanced	4	3443	2	2162	189	0.0520374449339207	0.999075785582255	0.989528795811518	0.385727029438002	0.947962555066079	0.0104712041884817	0.614272970561998	0.405624568668047	0.0988752288778446	0.138493817546187
8	unbalanced	5	3482	0	2158	145	0.0399779432037497	1	1	0.382624113475177	0.96002205679625	0	0.617375886524823	0.3980985306828	0.0768822905620361	0.123679121426762
8	unbalanced	6	3395	0	2153	229	0.0631898454746137	1	1	0.388067772170151	0.936810154525386	0	0.611932227829849	0.412324736022157	0.118868414222684	0.156594835665514
8	unbalanced	7	3551	0	2158	81	0.0223017621145374	1	1	0.37799964967595	0.977698237885462	0	0.62200035032405	0.386701208981002	0.0436304874764342	0.0918153487520008
8	unbalanced	8	3544	0	2153	83	0.0228839261097326	1	1	0.377918202562752	0.977116073890267	0	0.622081797437248	0.386851211072664	0.0447439353099731	0.0929959796064806
8	unbalanced	9	3489	0	2158	143	0.0393722466960352	1	1	0.382149814060563	0.960627753303965	0	0.617850185939437	0.39740932642487	0.0757615894039735	0.122662531989343
8	unbalanced	10	2851	94	2065	777	0.214167585446527	0.956461324687355	0.892078071182549	0.420056956875509	0.785832414553473	0.107921928817451	0.579943043124492	0.491100743044756	0.345410091131363	0.230779677727817
10	balanced	1	2813	0	2159	836	0.229103864072349	1	1	0.434231697506034	0.770896135927651	0	0.565768302493966	0.515668044077135	0.372798216276477	0.315411096509504
10	balanced	2	2643	16	2143	1007	0.275890410958904	0.992589161648912	0.98435972629521	0.447764312578354	0.724109589041096	0.0156402737047898	0.552235687421646	0.54226200723016	0.430986518296597	0.34061191592535
10	balanced	3	2261	29	2128	1388	0.38037818580433	0.986555401019935	0.979534227240649	0.484848484848485	0.61962181419567	0.0204657727593507	0.515151515151515	0.605580434033758	0.547966837741808	0.412792458998521
10	balanced	4	2544	2	2160	1107	0.303204601479047	0.999074930619796	0.99819657348963	0.459183673469388	0.696795398520953	0.0018034265103697	0.540816326530612	0.562016170651987	0.465126050420168	0.371828841057314
10	balanced	5	3153	0	2163	497	0.136164383561644	1	1	0.406884875846501	0.863835616438356	0	0.593115124153499	0.457595045587476	0.239691343139619	0.235378903685515
10	balanced	6	2162	7	2152	1485	0.407183986838497	0.996757758221399	0.995308310991957	0.498840982846546	0.592816013161503	0.0046916890080429	0.501159017153454	0.626420943851188	0.577933450087566	0.446774583065376
10	balanced	7	2043	21	2137	1606	0.440120580981091	0.990268767377201	0.987092808850645	0.511244019138756	0.559879419018909	0.0129071911493546	0.488755980861244	0.64456690201481	0.608794541319181	0.463118626985891
10	balanced	8	1995	55	2107	1654	0.45327486982735	0.974560592044403	0.967817437097718	0.513651877133106	0.54672513017265	0.032182562902282	0.486348122866894	0.647220788160386	0.617394550205301	0.453860822754091
10	balanced	9	1680	41	2118	1972	0.539978094194962	0.981009726725336	0.979632389468455	0.557661927330174	0.460021905805038	0.020367610531545	0.442338072669826	0.703837549475133	0.696204766107679	0.529078250641413
10	balanced	10	1889	21	2129	1752	0.481186487228783	0.990232558139535	0.988155668358714	0.529865604778497	0.518813512771217	0.011844331641286	0.470134395221503	0.670177862199965	0.647210934613964	0.494171118199784
10	unbalanced	1	3503	0	2158	126	0.0347203086249656	1	1	0.381204734145911	0.965279691375035	0	0.618795265854089	0.394677725937446	0.0671105193075899	0.115045843118489
10	unbalanced	2	3430	0	2147	199	0.0548360429870488	1	1	0.384974000358616	0.945163957012951	0	0.615025999641384	0.406163434903047	0.103970741901776	0.145294359259268
10	unbalanced	3	3402	1	2152	227	0.06255166712593	0.99953553181607	0.995614035087719	0.38746849117753	0.93744833287407	0.0043859649122807	0.61253150882247	0.411449325492909	0.117708063261602	0.154222310381587
10	unbalanced	4	3302	2	2153	329	0.0906086477554393	0.99907192575406	0.993957703927492	0.394683776351971	0.909391352244561	0.00604229607250755	0.605316223648029	0.428966470791566	0.166077738515901	0.186691164335764
10	unbalanced	5	3489	0	2160	141	0.0388429752066116	1	1	0.382368560807223	0.961157024793388	0	0.617631439192778	0.39740932642487	0.0747812251392204	0.121870146168874
10	unbalanced	6	3537	0	2161	97	0.0266923500275179	1	1	0.379255879255879	0.973307649972482	0	0.620744120744121	0.389646246764452	0.0519967837041008	0.100614266777093
10	unbalanced	7	3320	1	2149	302	0.0833793484262838	0.99953488372093	0.996699669966997	0.392942036935454	0.916620651573716	0.0033003300330033	0.607057963064546	0.424636174636175	0.153885350318471	0.179741044117215
10	unbalanced	8	3417	0	2158	211	0.0581587651598677	1	1	0.387085201793722	0.941841234840132	0	0.612914798206278	0.409436571033529	0.10992445949466	0.150041318802459
10	unbalanced	9	3434	0	2160	189	0.0521667126690588	1	1	0.386127994279585	0.947833287330941	0	0.613872005720415	0.406190558533633	0.0991605456453305	0.141926136180279
10	unbalanced	10	3361	0	2154	262	0.0723157604195418	1	1	0.390571169537625	0.927684239580458	0	0.609428830462375	0.418210143673187	0.134877734877735	0.168060855415719
12	balanced	1	2772	0	2164	875	0.239923224568138	1	1	0.438411669367909	0.760076775431862	0	0.561588330632091	0.522973670624677	0.386996904024768	0.324322588487218
12	balanced	2	2560	6	2156	1088	0.298245614035088	0.99722479185939	0.994515539305302	0.457167090754877	0.701754385964912	0.00548446069469835	0.542832909245123	0.558347676419966	0.458878110501898	0.365320202068495
12	balanced	3	1962	19	2137	1687	0.462318443409153	0.991187384044527	0.988862837045721	0.521346669919493	0.537681556590847	0.011137162954279	0.478653330080508	0.658742463393626	0.630065359477124	0.481022852503905
12	balanced	4	1982	14	2141	1667	0.456837489723212	0.993503480278422	0.991671624033314	0.519282076158137	0.543162510276788	0.0083283759666865	0.480717923841863	0.656099241902136	0.625515947467167	0.479690926503871
12	balanced	5	3152	0	2151	494	0.135490948985189	1	1	0.405619460682633	0.864509051014811	0	0.594380539317368	0.456270484733483	0.238647342995169	0.234430726771792
12	balanced	6	2834	3	2153	816	0.223561643835616	0.99860853432282	0.996336996336996	0.431722478443954	0.776438356164384	0.00366300366300366	0.568277521556046	0.511367550809507	0.365182367420005	0.308386202308875
12	balanced	7	1950	14	2140	1699	0.465607015620718	0.993500464252553	0.991827203736135	0.523227383863081	0.534392984379282	0.00817279626386457	0.476772616136919	0.661554368430122	0.633718761656098	0.486277095604804
12	balanced	8	1935	11	2149	1713	0.469572368421053	0.994907407407407	0.993619489559165	0.526199804113614	0.530427631578947	0.00638051044083527	0.473800195886386	0.664944903581267	0.637751303052867	0.491371090924609
12	balanced	9	2566	0	2160	1084	0.296986301369863	1	1	0.45704612780364	0.703013698630137	0	0.542953872196361	0.558347676419966	0.457963667089142	0.36842426501497
12	balanced	10	1522	52	2108	2128	0.583013698630137	0.975925925925926	0.976146788990826	0.580716253443526	0.416986301369863	0.0238532110091743	0.419283746556474	0.729087779690189	0.730017152658662	0.557900367330408
12	unbalanced	1	3434	1	2154	195	0.0537338109672086	0.99953596287703	0.994897959183674	0.385468861846815	0.946266189032791	0.00510204081632653	0.614531138153185	0.406120331950207	0.101960784313725	0.142344843721668
12	unbalanced	2	3444	1	2152	182	0.0501930501930502	0.99953553181607	0.994535519125683	0.384560400285919	0.94980694980695	0.00546448087431694	0.615439599714081	0.40387610313203	0.0955631399317406	0.137302230563756
12	unbalanced	3	3294	0	2158	333	0.0918114143920596	1	1	0.395818048422597	0.90818858560794	0	0.604181951577403	0.430596369922213	0.168181818181818	0.190632145420397
12	unbalanced	4	3511	0	2160	118	0.0325158445852852	1	1	0.380885205431141	0.967484155414715	0	0.619114794568859	0.393504923130074	0.062983720309581	0.111287034935043
12	unbalanced	5	2557	435	1717	1062	0.293451229621442	0.797862453531598	0.709418837675351	0.401731399157698	0.706548770378558	0.290581162324649	0.598268600842302	0.481545659331139	0.415168100078186	0.100744913065417
12	unbalanced	6	3530	0	2143	90	0.0248618784530387	1	1	0.377754274634232	0.975138121546961	0	0.622245725365768	0.387471802880444	0.0485175202156334	0.0969106849685424
12	unbalanced	7	3506	0	2157	124	0.0341597796143251	1	1	0.380893519336041	0.965840220385675	0	0.619106480663959	0.394159322619665	0.0660628662759723	0.114066816721796
12	unbalanced	8	3506	2	2147	120	0.0330943188086045	0.99906933457422	0.983606557377049	0.379798337166107	0.966905681191396	0.0163934426229508	0.620201662833894	0.392554112554113	0.064034151547492	0.108113038370532
12	unbalanced	9	3279	0	2156	354	0.097440132122213	1	1	0.396688132474701	0.902559867877787	0	0.603311867525299	0.433580929348765	0.17757712565839	0.196604537179712
12	unbalanced	10	3496	0	2161	138	0.0379746835443038	1	1	0.382004596075658	0.962025316455696	0	0.617995403924342	0.39672131147541	0.0731707317073171	0.120442947690775
14	balanced	1	2608	1	2158	1042	0.285479452054795	0.999536822603057	0.999041227229147	0.452790600083928	0.714520547945206	0.000958772770853308	0.547209399916072	0.550869340678258	0.444065629661197	0.358858501630688
14	balanced	2	2159	16	2135	1488	0.408006580751302	0.99256159925616	0.98936170212766	0.49720540288775	0.591993419248698	0.0106382978723404	0.50279459711225	0.624870645050017	0.577751892836342	0.441478538218476
14	balanced	3	3132	0	2161	517	0.141682652781584	1	1	0.408275080294729	0.858317347218416	0	0.591724919705271	0.460929432013769	0.248199711953913	0.240510907113942
14	balanced	4	1820	15	2144	1825	0.500685871056241	0.993052339045855	0.991847826086957	0.540867810292634	0.499314128943759	0.00815217391304348	0.459132189707366	0.683838731909028	0.665451230628988	0.512856768308129
14	balanced	5	2254	6	2156	1396	0.382465753424658	0.99722479185939	0.995720399429387	0.488888888888889	0.617534246575343	0.00427960057061341	0.511111111111111	0.611149346180317	0.552652414885194	0.428954035919095
14	balanced	6	1737	18	2135	1909	0.523587493143171	0.991639572689271	0.990659055526726	0.551394628099174	0.476412506856829	0.00934094447327452	0.448605371900826	0.697361614071392	0.685088821101741	0.528470177908118
14	balanced	7	2739	0	2156	907	0.248765770707625	1	1	0.440449438202247	0.751234229292375	0	0.559550561797753	0.527921406411582	0.398418625082363	0.331011697606176
14	balanced	8	2207	0	2162	1440	0.394845078146422	1	1	0.494850080109865	0.605154921853578	0	0.505149919890135	0.620072301600964	0.566149007273442	0.442028413738012
14	balanced	9	2722	4	2150	926	0.253837719298246	0.998142989786444	0.995698924731183	0.441297208538588	0.746162280701754	0.0043010752688172	0.558702791461412	0.530162013098931	0.404543468763652	0.331835193324313
14	balanced	10	1625	30	2129	2026	0.554916461243495	0.986104678091709	0.985408560311284	0.567128396377198	0.445083538756505	0.014591439688716	0.432871603622802	0.715146299483649	0.710005256702296	0.546748730069315
14	unbalanced	1	3355	6	2146	269	0.0742273730684327	0.997211895910781	0.978181818181818	0.390110888929286	0.925772626931567	0.0218181818181818	0.609889111070714	0.418109418282549	0.137984098486792	0.16220530745445
14	unbalanced	2	3455	0	2159	173	0.0476846747519294	1	1	0.384574278589241	0.952315325248071	0	0.615425721410759	0.402972179021946	0.0910286766640358	0.135418977224338
14	unbalanced	3	3465	0	2150	160	0.0441379310344828	1	1	0.382902938557435	0.955862068965517	0	0.617097061442565	0.4	0.0845442536327609	0.130002090348382
14	unbalanced	4	3409	1	2153	216	0.0595862068965517	0.999535747446611	0.995391705069124	0.387090974469615	0.940413793103448	0.00460829493087558	0.612909025530385	0.409932514275826	0.112441436751692	0.150376605616498
14	unbalanced	5	3541	0	2151	81	0.0223633351739371	1	1	0.377898805340829	0.977636664826063	0	0.622101194659171	0.386627403429759	0.0437483121793141	0.0919297429870624
14	unbalanced	6	3516	0	2159	111	0.0306038047973532	1	1	0.380440528634361	0.969396195202647	0	0.619559471365639	0.392326304873833	0.0593900481540931	0.107902398839543
14	unbalanced	7	1847	1048	1099	1773	0.489779005524862	0.511877037727061	0.628500531726338	0.373048200950441	0.510220994475138	0.371499468273662	0.626951799049559	0.49800589561297	0.550535631113181	0.00160148940003145
14	unbalanced	8	3290	0	2157	342	0.0941629955947137	1	1	0.395997796952451	0.905837004405286	0	0.604002203047549	0.431680773881499	0.172118772018118	0.193101887121669
14	unbalanced	9	3379	1	2157	248	0.0683760683760684	0.999536607970343	0.995983935742972	0.389631502890173	0.931623931623932	0.00401606425702811	0.610368497109827	0.415730337078652	0.12796697626419	0.161827613459731
14	unbalanced	10	3341	1	2158	284	0.0783448275862069	0.999536822603057	0.996491228070175	0.392434988179669	0.921655172413793	0.00350877192982456	0.607565011820331	0.422199170124481	0.145268542199488	0.174040844411317
16	balanced	1	1847	96	2066	1803	0.493972602739726	0.955596669750231	0.949447077409163	0.527983644262714	0.506027397260274	0.0505529225908373	0.472016355737286	0.665691672401927	0.649846819246711	0.463290602329014
16	balanced	2	1642	3	2160	2008	0.55013698630137	0.998613037447989	0.998508204873198	0.568122041031036	0.44986301369863	0.00149179512680259	0.431877958968964	0.717013590228798	0.709415297650592	0.557618472521359
16	balanced	3	2126	9	2140	1520	0.416895227646736	0.995812005583993	0.994113799869196	0.501640881387717	0.583104772353264	0.00588620013080445	0.498359118612283	0.631578947368421	0.58743961352657	0.452329020584267
16	balanced	4	1925	9	2152	1727	0.47289156626506	0.995835261453031	0.994815668202765	0.527839097375521	0.52710843373494	0.00518433179723502	0.472160902624479	0.667297436779632	0.64105419450631	0.494956877173409
16	balanced	5	1923	2	2158	1725	0.472861842105263	0.999074074074074	0.998841922408801	0.528791962754227	0.527138157894737	0.00115807759119861	0.471208037245773	0.668560606060606	0.641860465116279	0.499008397726609
16	balanced	6	1483	51	2110	2165	0.593475877192982	0.976399814900509	0.976985559566787	0.58725299192875	0.406524122807018	0.023014440433213	0.41274700807125	0.73592700981236	0.738403819918145	0.567050116867415
16	balanced	7	2181	48	2097	1463	0.401481888035126	0.977622377622378	0.968232958305758	0.490182328190743	0.598518111964874	0.0317670416942422	0.509817671809257	0.614959405769563	0.567604267701261	0.416877908449741
16	balanced	8	1863	134	2026	1788	0.489728841413311	0.937962962962963	0.930280957336108	0.52095654409874	0.510271158586689	0.0697190426638918	0.47904345590126	0.656341421442093	0.641665171361924	0.439306932782664
16	balanced	9	1584	37	2122	2065	0.565908468073445	0.982862436313108	0.982397716460514	0.572584997301673	0.434091531926555	0.0176022835394862	0.427415002698327	0.720902203856749	0.718135976351939	0.551868069152563
16	balanced	10	2264	2	2160	1387	0.379895918926322	0.999074930619796	0.998560115190785	0.488245931283906	0.620104081073678	0.00143988480921526	0.511754068716094	0.610184070187511	0.550396825396826	0.429517521175447
16	unbalanced	1	3505	0	2155	122	0.0336366142817756	1	1	0.380742049469965	0.966363385718224	0	0.619257950530035	0.39380837080595	0.0650840224059749	0.113167457596581
16	unbalanced	2	3316	0	2152	303	0.0837247858524454	1	1	0.393562545720556	0.916275214147555	0	0.606437454279444	0.425402876451222	0.154513003569607	0.181523937429742
16	unbalanced	3	3345	12	2137	276	0.0762220381110191	0.994416007445323	0.958333333333333	0.389821233126596	0.923777961888981	0.0416666666666667	0.610178766873404	0.418197573656846	0.141212586339217	0.156821421133228
16	unbalanced	4	3505	0	2158	120	0.0331034482758621	1	1	0.381070104185061	0.966896551724138	0	0.618929895814939	0.393913193844026	0.0640854472630174	0.112315335032076
16	unbalanced	5	3419	1	2152	209	0.0576074972436604	0.99953553181607	0.995238095238095	0.386286124573685	0.94239250275634	0.00476190476190476	0.613713875426315	0.408406850025947	0.108910891089109	0.147653139416999
16	unbalanced	6	3118	11	2142	504	0.139149641082275	0.994890849976777	0.978640776699029	0.407224334600761	0.860850358917725	0.0213592233009709	0.59277566539924	0.458181818181818	0.243654822335025	0.227423721280739
16	unbalanced	7	1854	1059	1096	1772	0.48869277440706	0.508584686774942	0.625927234192865	0.371525423728814	0.51130722559294	0.374072765807135	0.628474576271186	0.496107939802802	0.548861700480099	-0.00263348394545141
16	unbalanced	8	3486	0	2154	138	0.0380794701986755	1	1	0.381914893617021	0.961920529801325	0	0.618085106382979	0.396677050882658	0.0733652312599681	0.120594845702126
16	unbalanced	9	3527	0	2159	102	0.0281069165059245	1	1	0.379704537460429	0.971893083494076	0	0.620295462539571	0.390635798203179	0.0546770302867864	0.103306939415128
16	unbalanced	10	3426	5	2150	200	0.0551571980143409	0.997679814385151	0.975609756097561	0.38558106169297	0.944842801985659	0.024390243902439	0.61441893830703	0.40650406504065	0.104411380840512	0.138145733622797
18	balanced	1	2280	2	2152	1365	0.374485596707819	0.999071494893222	0.998536942209217	0.485559566787004	0.625514403292181	0.00146305779078274	0.514440433212996	0.606483876530436	0.544692737430168	0.425250142804027
18	balanced	2	1405	39	2117	2242	0.614751850836304	0.98191094619666	0.982902235861464	0.601078932424759	0.385248149163696	0.0170977641385357	0.398921067575241	0.751163191452697	0.756410256410256	0.590287927442393
18	balanced	3	1470	46	2114	2180	0.597260273972603	0.978703703703704	0.979335130278526	0.58984375	0.402739726027397	0.0206648697214735	0.41015625	0.739070567986231	0.742001361470388	0.572561378277095
18	balanced	4	2456	1	2155	1193	0.326938887366402	0.999536178107607	0.999162479061977	0.467360659292995	0.673061112633598	0.000837520938023451	0.532639340707005	0.576744186046512	0.492669832748297	0.39026679610182
18	balanced	5	2340	20	2134	1307	0.358376748012065	0.990714948932219	0.984928409947249	0.476978095663836	0.641623251987935	0.0150715900527506	0.523021904336165	0.593173590760214	0.525532770406112	0.401556628476455
18	balanced	6	2113	0	2160	1535	0.42077850877193	1	1	0.505499648958577	0.57922149122807	0	0.494500351041423	0.636191460055096	0.592321049585182	0.461197775876602
18	balanced	7	2660	0	2154	990	0.271232876712329	1	1	0.447444952222684	0.728767123287671	0	0.552555047777316	0.541695382494831	0.426724137931035	0.348370178921458
18	balanced	8	2144	2	2151	1502	0.411958310477235	0.999071063632141	0.998670212765957	0.50081490104773	0.588041689522765	0.00132978723404255	0.49918509895227	0.629936195895844	0.583300970873786	0.453103800147152
18	balanced	9	2357	0	2151	1287	0.353183315038419	1	1	0.47715173025732	0.646816684961581	0	0.52284826974268	0.593270060396894	0.522003650375178	0.410514347944865
18	balanced	10	1451	24	2138	2201	0.602683461117196	0.988899167437558	0.989213483146067	0.595709111173029	0.397316538882804	0.0107865168539326	0.404290888826971	0.746302029583763	0.749021609664795	0.588243185976988
18	unbalanced	1	3505	0	2161	121	0.0333701047986762	1	1	0.381397811507236	0.966629895201324	0	0.618602188492764	0.394332123725592	0.0645850013344009	0.11281526909059
18	unbalanced	2	3203	1	2156	423	0.116657473800331	0.999536393138618	0.997641509433962	0.402313864526964	0.883342526199669	0.00235849056603774	0.597686135473036	0.445962303302784	0.208888888888889	0.215574491773803
18	unbalanced	3	3474	0	2153	149	0.0411261385592051	1	1	0.382619513062022	0.958873861440795	0	0.617380486937978	0.398545706371191	0.0790031813361612	0.125441871437109
18	unbalanced	4	3487	0	2154	138	0.0380689655172414	1	1	0.381847190214501	0.961931034482759	0	0.618152809785499	0.396608409759474	0.0733457347860749	0.120567522646571
18	unbalanced	5	3383	0	2158	246	0.0677872692201709	1	1	0.389460386211875	0.932212730779829	0	0.610539613788125	0.415413858648695	0.126967741935484	0.162482171485785
18	unbalanced	6	3423	2	2161	207	0.0570247933884298	0.999075358298659	0.990430622009569	0.386998567335244	0.94297520661157	0.00956937799043062	0.613001432664757	0.40876920421198	0.107840583485283	0.145512318287419
18	unbalanced	7	3481	0	2155	147	0.0405181918412348	1	1	0.38236337828247	0.959481808158765	0	0.61763662171753	0.398063288950372	0.0778807947019868	0.124469565413846
18	unbalanced	8	3559	0	2152	68	0.0187482768127929	1	1	0.376816669585011	0.981251723187207	0	0.623183330414989	0.384149506835093	0.0368064952638701	0.0840515510211116
18	unbalanced	9	3503	0	2153	121	0.0333885209713024	1	1	0.380657708628006	0.966611479028698	0	0.619342291371994	0.393629911718885	0.0646194926568758	0.112736852392703
18	unbalanced	10	3445	6	2149	180	0.0496551724137931	0.997215777262181	0.967741935483871	0.384161601716124	0.950344827586207	0.032258064516129	0.615838398283876	0.402941176470588	0.0944633954342692	0.128429174967755
20	balanced	1	1809	40	2121	1839	0.504111842105263	0.98149005090236	0.978712080894093	0.53969465648855	0.495888157894737	0.0212879191059074	0.46030534351145	0.681700809089344	0.665460466799349	0.501736278358379
20	balanced	2	2171	0	2158	1478	0.405042477391066	1	1	0.498498498498499	0.594957522608934	0	0.501501501501502	0.626140864473911	0.576555490540277	0.449347378770099
20	balanced	3	1934	17	2144	1716	0.47013698630137	0.992133271633503	0.990190421234853	0.525747915644924	0.52986301369863	0.00980957876514714	0.474252084355076	0.664257442780933	0.637562697380643	0.48836763617986
20	balanced	4	2253	8	2152	1397	0.382739726027397	0.996296296296296	0.994306049822064	0.488535754824064	0.617260273972603	0.00569395017793594	0.511464245175937	0.610843373493976	0.552720079129575	0.427801866574542
20	balanced	5	2154	0	2154	1495	0.409701288024116	1	1	0.5	0.590298711975884	0	0.5	0.628812683094951	0.581259720062208	0.452604290757454
20	balanced	6	2431	0	2158	1217	0.333607456140351	1	1	0.470254957507082	0.666392543859649	0	0.529745042492918	0.581295211849811	0.500308324768756	0.396081506903979
20	balanced	7	2538	0	2158	1113	0.304847986852917	1	1	0.45954003407155	0.695152013147083	0	0.54045996592845	0.563091754174557	0.467254408060453	0.374285792229725
20	balanced	8	1831	38	2126	1820	0.498493563407286	0.982439926062847	0.979547900968784	0.53727571392469	0.501506436592714	0.0204520990312164	0.46272428607531	0.678589853826311	0.660736975857687	0.498555698544592
20	balanced	9	1966	11	2143	1683	0.461222252671965	0.994893221912721	0.993506493506494	0.521538087125821	0.538777747328035	0.00649350649350649	0.478461912874179	0.659314147854558	0.629983155530601	0.484685262131394
20	balanced	10	1431	30	2124	2216	0.607622703591994	0.986072423398329	0.986642920747996	0.59746835443038	0.392377296408007	0.0133570792520036	0.40253164556962	0.748146871229098	0.752078737485152	0.588883704727432
20	unbalanced	1	3488	0	2159	143	0.0393830900578353	1	1	0.382326899238534	0.960616909942165	0	0.617673100761466	0.397582037996546	0.0757816640169581	0.122707842879924
20	unbalanced	2	3403	2	2152	220	0.0607231576041954	0.999071494893222	0.990990990990991	0.387398739873987	0.939276842395805	0.00900900900900901	0.612601260126013	0.410593733771854	0.11443433029909	0.15041835814043
20	unbalanced	3	3481	0	2154	146	0.040253653156879	1	1	0.382253771073647	0.959746346843121	0	0.617746228926353	0.397855042380211	0.0773919957593427	0.124044793194667
20	unbalanced	4	3443	1	2159	183	0.0504688361831219	0.999537037037037	0.994565217391304	0.385398072117101	0.949531163816878	0.00543478260869565	0.614601927882899	0.404770134808158	0.0960629921259843	0.137841924259174
20	unbalanced	5	3451	1	2149	172	0.047474468672371	0.99953488372093	0.994219653179191	0.38375	0.952525531327629	0.00578034682080925	0.61625	0.402043997921358	0.0906217070600632	0.13329706906108
20	unbalanced	6	3502	0	2155	124	0.0341974627688913	1	1	0.380943963231395	0.965802537231109	0	0.619056036768605	0.394222452862826	0.0661333333333333	0.114137272613461
20	unbalanced	7	3433	0	2157	189	0.0521811154058531	1	1	0.385867620751342	0.947818884594147	0	0.614132379248658	0.40595258695276	0.0991865652059827	0.141897860624492
20	unbalanced	8	3464	0	2156	161	0.0444137931034483	1	1	0.383629893238434	0.955586206896552	0	0.616370106761566	0.40079571008476	0.0850501848917063	0.130531447194114
20	unbalanced	9	3360	0	2150	260	0.0718232044198895	1	1	0.390199637023593	0.92817679558011	0	0.609800362976407	0.417677642980936	0.134020618556701	0.167407850157967
20	unbalanced	10	3485	0	2150	139	0.038355408388521	1	1	0.381543921916593	0.961644591611479	0	0.618456078083407	0.396432282646346	0.0738772256178581	0.120972199051141
22	balanced	1	1891	3	2155	1760	0.482059709668584	0.998609823911029	0.998298355076574	0.532624814631735	0.517940290331416	0.00170164492342598	0.467375185368265	0.673954208986056	0.65016623568526	0.505171844376052
22	balanced	2	1390	21	2136	2260	0.619178082191781	0.990264255910988	0.990793511617712	0.605785592739648	0.380821917808219	0.00920648838228847	0.394214407260352	0.757017392801791	0.762097454054965	0.60297642095094
22	balanced	3	1831	7	2155	1820	0.498493563407286	0.996762257169288	0.996168582375479	0.540642247867536	0.501506436592714	0.00383141762452107	0.459357752132464	0.683812145191812	0.664476086162833	0.515614864241127
22	balanced	4	2380	0	2156	1268	0.347587719298246	1	1	0.475308641975309	0.652412280701754	0	0.524691358024691	0.589937973811165	0.51586655817738	0.406462109952384
22	balanced	5	922	63	2098	2727	0.747328035078104	0.970846830171217	0.97741935483871	0.694701986754967	0.252671964921896	0.0225806451612903	0.305298013245033	0.830464716006885	0.847025935704302	0.694766618318865
22	balanced	6	1644	26	2135	2003	0.549218535782835	0.987968533086534	0.987185805815673	0.564964276263562	0.450781464217165	0.0128141941843273	0.435035723736438	0.712465564738292	0.705778717406624	0.54461719048165
22	balanced	7	1715	11	2148	1931	0.529621503017005	0.994905048633627	0.994335736354274	0.556044524980585	0.470378496982995	0.00566426364572606	0.443955475019415	0.702670111972438	0.691123836793128	0.537297925339887
22	balanced	8	2488	0	2160	1164	0.318729463307777	1	1	0.464716006884682	0.681270536692224	0	0.535283993115318	0.571920165175499	0.483388704318937	0.384861901810101
22	balanced	9	1669	3	2155	1982	0.54286496850178	0.998609823911029	0.998488664987405	0.563546025104603	0.45713503149822	0.00151133501259446	0.436453974895398	0.71217076949561	0.70333569907736	0.551658968155479
22	balanced	10	1612	13	2143	2033	0.557750342935528	0.993970315398887	0.993646138807429	0.570705725699068	0.442249657064472	0.00635386119257087	0.429294274300932	0.719875883468368	0.714461430328589	0.558000521700275
22	unbalanced	1	3454	1	2154	172	0.0474351902923332	0.99953596287703	0.994219653179191	0.384094151212554	0.952564809707667	0.00578034682080925	0.615905848787446	0.40235253416364	0.0905501447749408	0.133303547035213
22	unbalanced	2	3416	0	2155	206	0.0568746548868029	1	1	0.386824627535451	0.943125345113197	0	0.613175372464549	0.408689631296521	0.107628004179728	0.148325713188223
22	unbalanced	3	3454	3	2150	173	0.0476978218913703	0.998606595448212	0.982954545454545	0.383654532476802	0.95230217810863	0.0170454545454545	0.616345467523198	0.401903114186851	0.0909808046279253	0.130290520549319
22	unbalanced	4	3265	0	2155	360	0.0993103448275862	1	1	0.39760147601476	0.900689655172414	0	0.60239852398524	0.435121107266436	0.180677540777917	0.198710693438937
22	unbalanced	5	3539	0	2155	84	0.0231852056306928	1	1	0.37846856340007	0.976814794369307	0	0.62153143659993	0.387504326756663	0.045319665497707	0.0936742839160435
22	unbalanced	6	3457	0	2154	171	0.0471334068357222	1	1	0.383888789877027	0.952866593164278	0	0.616111210122973	0.402109996540989	0.0900236904448539	0.134513889665517
22	unbalanced	7	3443	0	2154	184	0.0507306313757927	1	1	0.38484902626407	0.949269368624207	0	0.61515097373593	0.404428299602145	0.0965625819994752	0.139726998417397
22	unbalanced	8	3427	0	2152	197	0.0543598233995585	1	1	0.38573221007349	0.945640176600442	0	0.61426778992651	0.406682825484765	0.103114367966501	0.144804470991459
22	unbalanced	9	3403	1	2157	222	0.0612413793103448	0.999536607970343	0.995515695067265	0.38794964028777	0.938758620689655	0.00448430493273543	0.61205035971223	0.411378177416566	0.115384615384615	0.152663850582883
22	unbalanced	10	3332	0	2153	290	0.0800662617338487	1	1	0.392525068368277	0.919933738266151	0	0.607474931631723	0.423030303030303	0.148261758691207	0.17727948234658
24	balanced	1	2395	0	2160	1253	0.343475877192982	1	1	0.474204171240395	0.656524122807018	0	0.525795828759605	0.587637741046832	0.511324219547031	0.403581086877676
24	balanced	2	2030	4	2156	1617	0.443378119001919	0.998148148148148	0.997532387415176	0.51505016722408	0.556621880998081	0.00246761258482418	0.48494983277592	0.649733080764595	0.613895216400911	0.47572961013176
24	balanced	3	1254	13	2149	2397	0.656532456861134	0.993987049028677	0.994605809128631	0.631501616220981	0.343467543138866	0.00539419087136929	0.368498383779019	0.782040254601755	0.7909585876918	0.638196750988574
24	balanced	4	1834	9	2152	1815	0.497396546999178	0.995835261453031	0.995065789473684	0.539889613647767	0.502603453000822	0.00493421052631579	0.460110386352233	0.682788296041308	0.663255983921067	0.513670147977157
24	balanced	5	1686	8	2152	1964	0.538082191780822	0.996296296296296	0.995943204868154	0.560708702449192	0.461917808219178	0.00405679513184584	0.439291297550808	0.708433734939759	0.698683742440413	0.545401507714718
24	balanced	6	1521	17	2143	2131	0.583515881708653	0.99212962962963	0.992085661080074	0.584879912663756	0.416484118291347	0.00791433891992551	0.415120087336245	0.735375086028906	0.734827586206897	0.576305164580669
24	balanced	7	1446	0	2154	2198	0.603183315038419	1	1	0.598333333333333	0.396816684961581	0	0.401666666666667	0.750603656433253	0.752482026703184	0.600753429867852
24	balanced	8	2346	0	2162	1304	0.357260273972603	1	1	0.479591836734694	0.642739726027397	0	0.520408163265306	0.596352374397798	0.526443278159063	0.413931287760252
24	balanced	9	1674	3	2158	1974	0.541118421052632	0.998611753817677	0.998482549317147	0.563152400835073	0.458881578947368	0.00151745068285281	0.436847599164927	0.711310036150801	0.701866666666667	0.550573637090385
24	balanced	10	1780	7	2152	1868	0.512061403508772	0.996757758221399	0.996266666666667	0.547304170905392	0.487938596491228	0.00373333333333333	0.452695829094608	0.692267952471156	0.676443961615064	0.525908031802502
24	unbalanced	1	3430	0	2153	194	0.0535320088300221	1	1	0.38563496328139	0.946467991169978	0	0.61436503671861	0.406266228146097	0.101623886851755	0.143679554076231
24	unbalanced	2	3519	0	2158	110	0.0303113805456049	1	1	0.380130350537256	0.969688619454395	0	0.619869649462744	0.391912908242613	0.0588392618347152	0.107341863744156
24	unbalanced	3	3453	1	2155	173	0.0477109762824049	0.999536178107607	0.994252873563218	0.384272467902996	0.952289023717595	0.00574712643678161	0.615727532097004	0.402628848149429	0.0910526315789474	0.133731990371736
24	unbalanced	4	3387	0	2157	240	0.0661703887510339	1	1	0.389069264069264	0.933829611248966	0	0.610930735930736	0.41441908713693	0.124127230411171	0.160452062793041
24	unbalanced	5	3489	0	2153	137	0.0377826806398235	1	1	0.381602268699043	0.962217319360177	0	0.618397731300957	0.396262329122686	0.0728142439542918	0.120074796063487
24	unbalanced	6	3519	0	2156	107	0.0295091009376724	1	1	0.379911894273128	0.970490899062328	0	0.620088105726872	0.391387063299896	0.0573265470131262	0.105881341300193
24	unbalanced	7	3434	0	2155	194	0.0534729878721058	1	1	0.385578815530506	0.946527012127894	0	0.614421184469494	0.406190558533633	0.101517530088959	0.143589871949952
24	unbalanced	8	3430	0	2154	194	0.0535320088300221	1	1	0.385744985673352	0.946467991169978	0	0.614255014326648	0.406368985808238	0.101623886851755	0.143700048640224
24	unbalanced	9	2018	941	1214	1601	0.442387399834208	0.563341067285383	0.629819040125885	0.375618811881188	0.557612600165792	0.370180959874115	0.624381188118812	0.48753030827849	0.519720824541471	0.0055812683525989
24	unbalanced	10	3434	9	2145	192	0.0529509100937672	0.995821727019499	0.955223880597015	0.384477504929199	0.947049089906233	0.0447761194029851	0.615522495070801	0.404325259515571	0.100339691664489	0.128717257596422
