Iteration	target_id	Balanced	Unbalanced_JS	Unbalanced_OLS	Delta_Err	Frac_Delta
1	YBR289W_mRNA	0.0274552339801192	0.00377378074149372	0.000313480359841723	0.003460300381652	11.0383323006236
1	YDR073W_mRNA	0.00100009539053587	0.0856479891740738	0.0880433540567385	-0.00239536488266467	-0.0272066518629108
1	YFL049W_mRNA	0.00916041294275068	0.0332254768515181	0.00784424557520808	0.02538123127631	3.2356497553478
1	YGR275W_mRNA	0.0214375864679484	0.0357928642019243	0.156799482553648	-0.121006618351724	-0.771728429080256
1	YHL025W_mRNA	0.0293217051534481	0.00196642999588269	0.0378606600334791	-0.0358942300375964	-0.948061391583141
1	YJL176C_mRNA	0.0112888923003475	0.0119293723987721	0.00482596635866868	0.00710340604010346	1.47191370850398
1	YMR033W_mRNA	0.00113843456855761	0.00754605753366125	0.0481185702592032	-0.0405725127255419	-0.843177852271744
1	YNR023W_mRNA	0.0424891120744242	0.00298285688222981	0.00159739924154953	0.00138545764068028	0.867320832916101
1	YPL016W_mRNA	0.00996485518907759	0.0968864239316217	0.0928218069972512	0.00406461693437056	0.0437894613976965
1	YPL129W_mRNA	0.000816182984830123	0.0065042586865077	0.00702864178643541	-0.000524383099927709	-0.0746066047838314
1	YPR034W_mRNA	0.00985592951272968	0.00234662087871992	0.0223300408752866	-0.0199834199965667	-0.894911930890507
2	YBR289W_mRNA	0.0249077962724581	0.0469918578767379	0.0479240802952458	-0.000932222418507947	-0.0194520669518289
2	YDR073W_mRNA	0.0110808798016212	0.00785324624172989	0.00929212584357698	-0.00143887960184709	-0.154849345141154
2	YFL049W_mRNA	0.000157303812972442	0.0116826597219146	0.0135436109135587	-0.0018609511916441	-0.137404360146014
2	YGR275W_mRNA	0.0153450643102608	0.0080911392828484	0.00821909999769676	-0.000127960714848354	-0.0155687015469106
2	YHL025W_mRNA	0.0867032754199913	0.000184972186561024	0.000426075786052506	-0.000241103599491482	-0.565870221645899
2	YJL176C_mRNA	0.000333218848235315	0.0316543827806068	0.0341587893713368	-0.00250440659073003	-0.0733166086041538
2	YMR033W_mRNA	0.0739720993066735	0.0200893346294994	0.0205115934893736	-0.000422258859874246	-0.0205863508407089
2	YNR023W_mRNA	0.0350849188350766	0.00129769954306115	0.00146339549123797	-0.000165695948176818	-0.113227045709049
2	YOR290C_mRNA		0.0647986207408992	0.0202961875997087	0.0445024331411904	2.19264987193108
2	YPL016W_mRNA	0.0257183881350354	0.00609510972239281	0.00744349362494884	-0.00134838390255602	-0.181149332624745
2	YPL129W_mRNA	0.0128563830783574	0.00690012204156425	0.00745996779269855	-0.0005598457511343	-0.0750466713384807
2	YPR034W_mRNA	0.013467607704015	0.00771088974528312	0.008298342724215	-0.00058745297893188	-0.0707916024265497
3	YBR289W_mRNA	0.000410308842230318	6.55065769147626e-05	0.00145948412578065	-0.00139397754886589	-0.955116622539677
3	YDR073W_mRNA	0.0756992289903623	0.0130969249377965	0.00509769397321158	0.00799923096458494	1.56918618626794
3	YFL049W_mRNA	0.0215926663724455	0.0178632744472619	0.0088436516353879	0.00901962281187398	1.01989802219051
3	YGR275W_mRNA	0.0340372725566185	0.00277619397503691	0.00633360608454992	-0.00355741210951301	-0.561672459894671
3	YHL025W_mRNA	0.199683056715315	0.00619303963531023	0.000289024632882339	0.00590401500242789	20.4273765303298
3	YJL176C_mRNA	0.0463240448223452	0.0140102517679613	0.0118702777503482	0.0021399740176131	0.180280029045684
3	YMR033W_mRNA	0.0927334492060236	0.00891841595326425	0.0182944777820917	-0.00937606182882748	-0.512507760019562
3	YNR023W_mRNA	0.00906776248844361	0.000879878104129508	0.000367239179309124	0.000512638924820384	1.39592656149814
3	YPL016W_mRNA	0.185390896791175	0.0310815944656079	0.0198408693496123	0.0112407251159956	0.566543981411542
3	YPL129W_mRNA	0.000889412367268347	5.54636390058903e-05	9.57735586508646e-05	-4.03099196449743e-05	-0.420887771247188
3	YPR034W_mRNA	0.0773316228580524	0.00289079592830412	0.00718595818704397	-0.00429516225873986	-0.597716010438786
4	YBR289W_mRNA	0.0231274160751768	0.0105076816648202	0.0105906746029721	-8.29929381518327e-05	-0.0078364165894156
4	YDR073W_mRNA	0.0247068491332893	0.000116987598034084	0.000106032626503865	1.0954971530219e-05	0.10331698734087
4	YFL049W_mRNA	0.0169737258827902	0.00623903049876392	0.00634965076719544	-0.000110620268431521	-0.0174214728474555
4	YGR275W_mRNA	0.0331661838608325	0.0359641232095837	0.0360593688430716	-9.52456334878879e-05	-0.00264135608979713
4	YHL025W_mRNA	0.00852598738817905	0.0645534305101654	0.0644838166929941	6.96138171713545e-05	0.00107955485176667
4	YJL176C_mRNA	0.0274635738672478	0.00808134487770015	0.00816445974750907	-8.31148698089181e-05	-0.0101800820114614
4	YMR033W_mRNA	0.00371141002817713	0.0198579425060379	0.0198953925479581	-3.74500419201979e-05	-0.00188234747466903
4	YNR023W_mRNA	0.00169220013734148	0.0285207881853903	0.0286733515742786	-0.000152563388888288	-0.00532073791558934
4	YOR290C_mRNA		0.794384802904726	0.816477404099012	-0.0220926011942861	-0.0270584355223712
4	YPL016W_mRNA	0.0350677246616208	0.114429302301119	0.115263786158439	-0.000834483857319643	-0.00723977482548232
4	YPL129W_mRNA	0.0369860251495573	0.00100572687631454	0.00101866796658405	-1.2941090269507e-05	-0.0127039336604478
4	YPR034W_mRNA	0.014330682389561	0.00292187101584293	0.00291841364663951	3.45736920341969e-06	0.00118467414905381
5	YBR289W_mRNA	0.0139559104421397	0.376257321287285	0.387063922197264	-0.0108066009099791	-0.0279194218066949
5	YDR073W_mRNA	0.00381425172104989	0.0952795431655228	0.0997640088014381	-0.00448446563591537	-0.0449507361401332
5	YFL049W_mRNA	0.00123508327450631	0.014297021195603	0.0138014716837454	0.000495549511857584	0.0359055558141104
5	YGR275W_mRNA	0.0444254904727076	0.337860874298312	0.34525605126939	-0.00739517697107855	-0.021419398570681
5	YHL025W_mRNA	0.00221834321620734	0.159035120039895	0.166082018873124	-0.00704689883322895	-0.0424302334535827
5	YJL176C_mRNA	0.0038052532121692	0.144681036144874	0.146740291141588	-0.00205925499671436	-0.0140333304554194
5	YMR033W_mRNA	0.00137046236533112	0.0711419918958722	0.0733206948228992	-0.00217870292702703	-0.0297147064998433
5	YNR023W_mRNA	0.00345010496992025	0.281978165327554	0.287877360319365	-0.00589919499181113	-0.0204920421156658
5	YPL016W_mRNA	0.029473239081705	0.491533428870886	0.498002525550481	-0.00646909667959433	-0.0129900880973315
5	YPL129W_mRNA	0.0010315033675147	0.0137141049680798	0.0142664585003627	-0.000552353532282911	-0.0387169340077545
5	YPR034W_mRNA	0.0233824205479466	0.131892892900474	0.134458613485414	-0.00256572058494028	-0.0190818610904284
6	YBR289W_mRNA	0.0918088207746494	0.000118331034690524	0.000128839744567164	-1.05087098766407e-05	-0.0815641936573581
6	YDR073W_mRNA	0.000380922137709834	0.000691897165274324	0.000756296557618418	-6.4399392344094e-05	-0.085150979064202
6	YFL049W_mRNA	0.0159250481938386	0.0178432918385122	0.0182803785172272	-0.000437086678714942	-0.0239101547215249
6	YGR275W_mRNA	0.183748095289126	0.00600903811677198	0.0060879593920075	-7.89212752355202e-05	-0.0129635022433183
6	YHL025W_mRNA	0.0166427434115182	0.0735766182626648	0.0734609432247059	0.000115675037958979	0.00157464678346351
6	YJL176C_mRNA	0.0089453130789933	0.000157918848324786	0.000144456109460732	1.34627388640533e-05	0.0931960504426632
6	YMR033W_mRNA	0.00602898025641037	0.00750100763910381	0.00751196835082865	-1.09607117248405e-05	-0.0014590998274948
6	YNR023W_mRNA	0.101556231645797	0.00133892417861385	0.00136936200551349	-3.04378268996379e-05	-0.0222277431220419
6	YOR290C_mRNA		0.132059081234096	0.149325502323376	-0.0172664210892794	-0.115629419092042
6	YPL016W_mRNA	0.102413556269802	0.012960233758283	0.0133385083692736	-0.000378274610990634	-0.0283595886824963
6	YPL129W_mRNA	0.000524504803960672	0.000199486354106709	0.000209400226314658	-9.91387220794886e-06	-0.0473441332057191
6	YPR034W_mRNA	0.0826681760034113	0.0170038016599248	0.0170627401753421	-5.8938515417304e-05	-0.00345422334347434
7	YBR289W_mRNA	0.00387396179334307	0.00601397349370464	0.0112227056413436	-0.005208732147639	-0.464124455732886
7	YDR073W_mRNA	3.66344515875705e-07	0.0853728557542788	0.0857508518774224	-0.000377996123143584	-0.00440807426244482
7	YFL049W_mRNA	0.00841801469998532	0.00236136678890039	0.00989309278997219	-0.0075317260010718	-0.761311569694978
7	YGR275W_mRNA	0.000111874613806974	0.0208713025029327	0.0303634120245185	-0.00949210952158577	-0.312616695183034
7	YHL025W_mRNA	0.0207065795504313	0.00078196270553865	0.000274679539348182	0.000507283166190468	1.84681817726306
7	YJL176C_mRNA	0.00342297005518667	0.0115004849916603	0.00998817882421248	0.0015123061674478	0.151409600695353
7	YMR033W_mRNA	0.018732011265645	0.0212544331970839	0.0316495063586928	-0.0103950731616089	-0.328443453234265
7	YNR023W_mRNA	0.0182515460173281	0.00389615796257591	0.00679257429843805	-0.00289641633586214	-0.426409224044582
7	YPL016W_mRNA	0.00608219775475832	0.0668101115587905	0.0622291709178381	0.00458094064095242	0.0736140394189196
7	YPL129W_mRNA	0.000251706135840454	0.0143680818070808	0.0159428475404257	-0.0015747657333449	-0.09877568792851
7	YPR034W_mRNA	9.10874941050649e-05	0.00840307921842519	0.0134319169917096	-0.00502883777328437	-0.374394643474068
8	YBR289W_mRNA	0.06552462565808	0.0203055575930571	0.0205512322758586	-0.000245674682801487	-0.0119542555650096
8	YDR073W_mRNA	0.0674389039515471	0.00681347018128937	0.00872551167965608	-0.00191204149836671	-0.21913230634081
8	YFL049W_mRNA	0.0720123896471569	0.0146409653844883	0.0177297119821515	-0.00308874659766321	-0.174213016024888
8	YGR275W_mRNA	0.00495244733301812	0.0548018268680689	0.058854211635814	-0.00405238476774511	-0.0688546266292887
8	YHL025W_mRNA	0.156277584761789	0.0472033987446726	0.0458118203196596	0.001391578425013	0.0303759688068064
8	YJL176C_mRNA	0.0862045200666441	0.00544801208120453	0.00649015444828463	-0.0010421423670801	-0.160572814620081
8	YMR033W_mRNA	0.136676977254031	0.0203054985618936	0.0209161469267399	-0.000610648364846318	-0.0291950695787878
8	YNR023W_mRNA	0.0376429285449721	0.00982151350604836	0.0108414546527992	-0.00101994114675086	-0.0940778870930867
8	YOR290C_mRNA	0.458386347855383	1.62740545464209	1.31438770239345	0.313017752248644	0.23814720091998
8	YPL016W_mRNA	0.237620466020113	0.00100108454476829	0.000538556871426452	0.000462527673341834	0.858827911928331
8	YPL129W_mRNA	0.00210594048385792	0.00243288660448804	0.00235380428065521	7.90823238328228e-05	0.0335976633583185
8	YPR034W_mRNA	0.00668561381052566	0.00457336953522439	0.00514056741607297	-0.000567197880848581	-0.110337601852108
9	YBR289W_mRNA	0.0137726397697578	3.15043686427287e-05	0.000348832906780209	-0.000317328538137481	-0.909686362638434
9	YDR073W_mRNA	0.00388917018677025	0.258596815056638	0.283863504016317	-0.0252666889596795	-0.0890099946001761
9	YFL049W_mRNA	0.0103573735255364	0.0267442662307247	0.0222833423059671	0.00446092392475761	0.200190970614092
9	YGR275W_mRNA	0.0371341000184879	0.000558034689689187	0.00104584761841579	-0.000487812928726607	-0.466428301921771
9	YHL025W_mRNA	0.00128090427418467	0.00798239930852169	0.0182650909885597	-0.010282691680038	-0.562969638994876
9	YJL176C_mRNA	0.00490744545985163	0.0102956596818837	0.00910873040122109	0.00118692928066265	0.130306774751345
9	YMR033W_mRNA	0.000806115063850269	0.000950665796100136	0.00175731797470117	-0.00080665217860103	-0.4590245989706
9	YNR023W_mRNA	0.000249448365630395	0.0048193704721147	0.00721937106576591	-0.00240000059365121	-0.332439013286345
9	YPL016W_mRNA	0.0193644412641227	0.0514373059758753	0.0822648653719234	-0.0308275593960481	-0.374735426316875
9	YPL129W_mRNA	0.0214690922933741	0.00121157665534456	0.000910976412560664	0.000300600242783891	0.329975879330326
9	YPR034W_mRNA	8.39887687548212e-05	0.0167400180830426	0.0229312289812947	-0.00619121089825208	-0.269990365684383
10	YBR289W_mRNA	0.0875944950661492	0.0116223524092046	0.0124255133806642	-0.000803160971459629	-0.0646380513105765
10	YDR073W_mRNA	0.045807416962117	0.00259162790874788	0.00319474995072954	-0.000603122041981665	-0.188785367018767
10	YFL049W_mRNA	0.000411351932156091	0.00642360382084856	0.00745379976774772	-0.00103019594689916	-0.138210842657295
10	YGR275W_mRNA	0.0551138849850307	0.0483452185775097	0.0495494483950412	-0.00120422981753159	-0.0243035968418996
10	YHL025W_mRNA	0.0293906679434301	0.0430651812040332	0.0422456642146512	0.000819516989381972	0.0193988425703993
10	YJL176C_mRNA	0.00156115230598432	0.000991498849136004	0.000865522057354702	0.000125976791781302	0.14555006508595
10	YMR033W_mRNA	0.0125167970916055	0.0126556397581035	0.0128145761628973	-0.000158936404793787	-0.0124027827977615
10	YNR023W_mRNA	0.000124025996585908	0.0166385679394105	0.0168832969026066	-0.000244728963196154	-0.0144953301839033
10	YOR290C_mRNA		0.237251940988958	0.160813756966626	0.0764381840223318	0.475321175651627
10	YPL016W_mRNA	0.0131241828600257	0.00465507542791035	0.00410506745174933	0.000550007976161022	0.133982689109442
10	YPL129W_mRNA	0.0026323627311377	0.0112822273442012	0.0119360391775822	-0.000653811833380966	-0.0547762807790486
10	YPR034W_mRNA	0.0279865388313328	0.0572859816283491	0.0586282090882275	-0.00134222745987839	-0.0228938847144131
11	YBR289W_mRNA	0.000126483917783587	0.00141337640958826	0.00222499510659479	-0.000811618697006533	-0.36477325033252
11	YDR073W_mRNA	0.018835733974874	0.0130148762641942	0.019489028720992	-0.00647415245679785	-0.332194720911074
11	YFL049W_mRNA	0.00131310577312414	0.00589719125356079	0.0100577041590033	-0.00416051290544252	-0.413664275630754
11	YGR275W_mRNA	0.000229634453426822	3.50185124856965e-05	7.6151800242958e-06	2.74033324614007e-05	3.59851406978849
11	YHL025W_mRNA	2.01559429540937e-05	0.0418464112953161	0.0387203419861454	0.00312606930917072	0.0807345480132708
11	YJL176C_mRNA	0.00505662948505396	0.0152881758286267	0.0199995702059841	-0.00471139437735742	-0.235574781299436
11	YMR033W_mRNA	0.011911689606486	0.00231623515664156	0.00218444815283492	0.000131787003806643	0.060329655174289
11	YNR023W_mRNA	0.000205729768238054	0.0228833299771087	0.0273725284824808	-0.00448919850537204	-0.164003793374268
11	YPL016W_mRNA	0.0203238976964996	0.0129288658764704	0.0199331477808433	-0.00700428190437288	-0.351388650773178
11	YPL129W_mRNA	0.0032511166188111	0.00243214329351837	0.00226261974350922	0.000169523550009146	0.0749235705626006
11	YPR034W_mRNA	0.00240460209393285	0.0299041410303355	0.0321813250904403	-0.00227718406010477	-0.07076104087402
12	YBR289W_mRNA	0.0117364207366459	0.0312979907886698	0.0331109708682745	-0.00181298007960476	-0.0547546638489504
12	YDR073W_mRNA	0.0161644713450729	0.00505200807350407	0.00597953032033892	-0.000927522246834849	-0.155116237755322
12	YFL049W_mRNA	0.00125657213679238	0.000675673690872167	0.000455405054040253	0.000220268636831914	0.483676311621357
12	YGR275W_mRNA	0.000219067352733389	0.0219240390675553	0.0224031658012754	-0.000479126733720067	-0.0213865637548775
12	YHL025W_mRNA	0.0233419065614329	0.081049909114752	0.0806286431776068	0.000421265937145213	0.00522476778155945
12	YJL176C_mRNA	0.000903705893615242	0.0015453246308248	0.00182471030515225	-0.000279385674327447	-0.153112345306854
12	YMR033W_mRNA	0.0120828340244613	0.0131739915807206	0.0133535648587037	-0.000179573277983095	-0.0134475909529171
12	YNR023W_mRNA	0.00115899117915854	0.00221836585400228	0.00217777579329011	4.05900607121611e-05	0.0186383101682101
12	YOR290C_mRNA		0.0706236178665842	0.0293998359820944	0.0412237818844898	1.40217727437652
12	YPL016W_mRNA	0.0186718492766501	0.00563684919301844	0.00671456831537334	-0.00107771912235491	-0.16050460308631
12	YPL129W_mRNA	0.00437024153599358	0.00488526268660087	0.00524905396411507	-0.000363791277514197	-0.0693060654360272
12	YPR034W_mRNA	0.000491598035027225	0.0412938182805764	0.0422337982302048	-0.00093997994962839	-0.0222565809616464
13	YBR289W_mRNA	0.000211860177952667	0.00105917719669883	0.00192275100463351	-0.000863573807934676	-0.449134498358657
13	YDR073W_mRNA	1.8775148846346e-06	0.000136942576995959	9.43845288046485e-05	4.25580481913105e-05	0.45090067970138
13	YFL049W_mRNA	0.000357528130140214	5.82586306583074e-06	0.000405710202303267	-0.000399884339237436	-0.985640333832483
13	YGR275W_mRNA	0.0041255590177095	0.00205104173668987	0.00197886083080486	7.21809058850031e-05	0.0364759889939531
13	YHL025W_mRNA	0.00167548016488985	0.00874645785226951	0.00568452290867644	0.00306193494359307	0.538644138265245
13	YJL176C_mRNA	0.00172398619603656	0.00211274672739728	0.00380088946308861	-0.00168814273569133	-0.444144127864099
13	YMR033W_mRNA	0.000784992374585406	0.00243980049002419	0.0022844283932074	0.000155372096816792	0.0680135552853312
13	YNR023W_mRNA	0.000649664129178739	0.00436064746448398	0.0058887148479979	-0.00152806738351392	-0.25949080961756
13	YPL016W_mRNA	0.00853335006384048	0.00278763085594903	0.00666518534781391	-0.00387755449186489	-0.581762440130291
13	YPL129W_mRNA	0.000693379970106815	0.00289385834824943	0.0027044731698019	0.000189385178447525	0.070026643474299
13	YPR034W_mRNA	0.000289798451604235	0.000866115987228167	0.000686193285684901	0.000179922701543267	0.262204112597347
14	YBR289W_mRNA	2.94494808551611e-06	0.00146537386334005	0.00151832030977858	-5.29464464385373e-05	-0.034871723771026
14	YDR073W_mRNA	0.0324647728976179	0.00011708477634236	0.000148156565037744	-3.10717886953841e-05	-0.209722658509722
14	YFL049W_mRNA	0.00605232515185271	0.0033426400963678	0.00322060261104555	0.000122037485322253	0.0378927486749551
14	YGR275W_mRNA	0.00877052261283524	0.00740444135353977	0.0075151977937379	-0.000110756440198133	-0.0147376613680643
14	YHL025W_mRNA	0.0453990351606321	0.0120346723415377	0.011819683090509	0.000214989251028697	0.0181890875907942
14	YJL176C_mRNA	0.000754697093274024	0.00390197959784681	0.00402661867274678	-0.000124639074899965	-0.0309537815794566
14	YMR033W_mRNA	0.0135556311358472	0.00832010533456033	0.00833762096891259	-1.75156343522661e-05	-0.00210079522894773
14	YNR023W_mRNA	0.0109255126452468	0.00452989067087695	0.00452705596519956	2.83470567739082e-06	0.000626169788750527
14	YOR290C_mRNA		0.00183810926080777	0.00030152167431181	0.00153658758649596	5.09610988995419
14	YPL016W_mRNA	0.0125495733793135	0.0059236583407562	0.00575622645985471	0.000167431880901498	0.0290870906607319
14	YPL129W_mRNA	6.58034453001902e-05	0.0166760900863541	0.0169177059186238	-0.000241615832269719	-0.0142818319121942
14	YPR034W_mRNA	0.0652730768798362	0.0288218413456588	0.0289735781456695	-0.000151736800010745	-0.00523707493937624
15	YBR289W_mRNA	0.128081056435698	0.00778961396531201	0.017204082550393	-0.00941446858508096	-0.547222937201375
15	YDR073W_mRNA	0.00852778133487351	0.01801543888783	0.010303158635716	0.00771228025211397	0.748535524375921
15	YFL049W_mRNA	3.03065940996046e-05	0.0238360685766031	0.0155798525951416	0.00825621598146145	0.529929017687628
15	YGR275W_mRNA	0.0805808229679788	0.00592807994177822	0.0110763760959937	-0.00514829615421543	-0.4647996880566
15	YHL025W_mRNA	0.103010727986427	0.0134850312528218	0.00506439347748744	0.00842063777533438	1.66271396817138
15	YJL176C_mRNA	0.0412669379166433	0.0220714347710302	0.0215852834312536	0.000486151339776617	0.0225223514588052
15	YMR033W_mRNA	0.0516281398702847	0.00736144734796341	0.0141564126317166	-0.00679496528375323	-0.479992033329793
15	YNR023W_mRNA	0.086815449090426	0.00182507637613335	0.00133181202687103	0.000493264349262321	0.370370847619689
15	YPL016W_mRNA	0.0956708546960863	0.0287342436094904	0.0189498132238855	0.00978443038560494	0.516333869363529
15	YPL129W_mRNA	0.00903038082619462	0.00242147602809621	0.00187631985089634	0.000545156177199868	0.290545440288041
15	YPR034W_mRNA	0.0352073116039026	1.67939274375006e-05	0.000103605046880076	-8.68111194425756e-05	-0.837904349805085
16	YBR289W_mRNA	0.00308740048681536	0.0750180225410119	0.0772477226351253	-0.00222970009411343	-0.0288642825710898
16	YDR073W_mRNA	0.057609464495685	0.0364533215514931	0.0383866041790222	-0.00193328262752905	-0.0503634710304895
16	YFL049W_mRNA	0.00413618014255187	0.000144021467202859	0.000230644286315818	-8.66228191129595e-05	-0.375568892239316
16	YGR275W_mRNA	0.00932450140545554	0.0854752838200855	0.0869261004316981	-0.00145081661161257	-0.0166902300276607
16	YHL025W_mRNA	0.00525247909087213	0.0367006635216785	0.0361601082425936	0.000540555279084892	0.0149489397392943
16	YJL176C_mRNA	0.00297373110605005	4.45271515230278e-05	2.61238570742204e-05	1.84032944488073e-05	0.704463142503107
16	YMR033W_mRNA	4.27556717299426e-05	0.00178006249835773	0.00188025516687027	-0.000100192668512542	-0.0532867401605471
16	YNR023W_mRNA	0.00148378927117753	0.0102526097130176	0.0103146293979572	-6.20196849396119e-05	-0.00601278849164421
16	YOR290C_mRNA		0.125866333639699	0.174534317957217	-0.0486679843175177	-0.278844784722782
16	YPL016W_mRNA	0.0563403134584387	0.00300110286005212	0.00270645136189217	0.000294651498159956	0.108870051133657
16	YPL129W_mRNA	0.00954256661629447	1.11391643919883e-05	6.6046717454288e-06	4.53449264655953e-06	0.686558366764848
16	YPR034W_mRNA	0.00134748118961545	0.0155509923614155	0.0156907643286082	-0.000139771967192674	-0.00890791323261633
17	YBR289W_mRNA	0.161726972860171	0.038136770281425	0.0510824977030072	-0.0129457274215822	-0.25342784718258
17	YDR073W_mRNA	0.0312233406026708	0.0108372574083688	0.00736163817363901	0.00347561923472976	0.472125789498249
17	YFL049W_mRNA	0.000294810304685554	0.00863298314638458	0.00532320410040024	0.00330977904598434	0.621764445540512
17	YGR275W_mRNA	0.306447222230701	0.0430937167250677	0.0546678324231473	-0.0115741156980796	-0.211717113795406
17	YHL025W_mRNA	0.353946458205333	3.21649338379828e-05	0.000694795170183128	-0.000662630236345145	-0.953705875892164
17	YJL176C_mRNA	0.10937594103133	0.00866177121422056	0.0075292601499853	0.00113251106423526	0.150414654517877
17	YMR033W_mRNA	0.0918918680776846	0.00691017728875437	0.0096787752631455	-0.00276859797439113	-0.286048378965188
17	YNR023W_mRNA	0.185588775690271	0.0179170867136104	0.0196055945819528	-0.00168850786834244	-0.0861237776433843
17	YPL016W_mRNA	0.283595499202806	0.112881256814162	0.114015149244509	-0.00113389243034781	-0.00994510324164151
17	YPL129W_mRNA	0.0115242643764917	0.00151001400110203	0.0012300644897651	0.000279949511336931	0.227589296062348
17	YPR034W_mRNA	0.00254810705269549	0.00326192085020122	0.00310434369449493	0.000157577155706292	0.0507602157537295
18	YBR289W_mRNA	0.0142264735241547	1.54972256347442e-05	3.02912648094359e-05	-1.47940391746917e-05	-0.488392916828065
18	YDR073W_mRNA	0.0176807467274451	0.000177566744990723	0.00030117700891083	-0.000123610263920107	-0.410423970830737
18	YFL049W_mRNA	0.00345120612499724	0.0153655613663271	0.014809263717251	0.00055629764907616	0.0375641665715049
18	YGR275W_mRNA	0.00415585555304675	0.000638375794988061	0.000617997531933701	2.03782630543599e-05	0.0329746673754453
18	YHL025W_mRNA	2.10600220853678e-05	0.017889761476488	0.0172040455375917	0.000685715938896273	0.0398578309617903
18	YJL176C_mRNA	0.00312113704973122	0.000315949850013462	0.000253507953832194	6.24418961812678e-05	0.246311388803999
18	YMR033W_mRNA	0.00122524503660256	0.0166932426641926	0.0168985062513149	-0.000205263587122317	-0.0121468480154182
18	YNR023W_mRNA	0.00593784277483338	0.00312969162279652	0.00310576490953256	2.39267132639553e-05	0.00770396793090062
18	YOR290C_mRNA		0.00956474557271537	0.000534289127283127	0.00903045644543225	16.9018158601736
18	YPL016W_mRNA	0.0212247734687457	5.20302481862352e-05	0.000134057570555662	-8.20273223694268e-05	-0.611881313598536
18	YPL129W_mRNA	0.000857361187863308	0.00612806947951821	0.00645735325331132	-0.000329283773793107	-0.0509936131532298
18	YPR034W_mRNA	6.75055138538602e-06	0.0325154249067501	0.0330443415084355	-0.000528916601685407	-0.0160062684726335
19	YBR289W_mRNA	0.000662061050757297	0.00486299792027142	0.00374111876268307	0.00112187915758834	0.299877985371347
19	YDR073W_mRNA	0.000964164589968141	0.0339493935909638	0.0268399563087258	0.007109437282238	0.264882595204772
19	YFL049W_mRNA	0.000406864480012011	0.00725949818648775	0.00195238823096986	0.0053071099555179	2.71826569702357
19	YGR275W_mRNA	1.1096636257432e-05	0.0182174485494031	0.0297759655293053	-0.0115585169799022	-0.388182776760888
19	YHL025W_mRNA	0.00156307235456077	0.0373839977892396	0.0876106995898907	-0.0502267018006512	-0.573294152834807
19	YJL176C_mRNA	0.000917507765652245	0.000449389733839834	2.95554480908327e-05	0.000419834285749001	14.2049710922577
19	YMR033W_mRNA	0.00706312021166041	0.0425822402561005	0.0680393134015441	-0.0254570731454437	-0.374152410904045
19	YNR023W_mRNA	7.31492390992062e-05	0.00012354178538706	0.000755937202295578	-0.000632395416908519	-0.836571364642597
19	YPL016W_mRNA	0.0233117082278776	0.13932184085668	0.147410411528819	-0.00808857067213906	-0.054871094845005
19	YPL129W_mRNA	1.61636321864209e-06	0.00252634287402277	0.00567457397552851	-0.00314823110150574	-0.554796027874943
19	YPR034W_mRNA	0.0124986777917749	0.000280349962795043	0.00116077324122215	-0.000880423278427105	-0.758479991751128
20	YBR289W_mRNA	0.0154506814861679	0.00888184617856891	0.00895005645112246	-6.82102725535535e-05	-0.00762121143325291
20	YDR073W_mRNA	0.0416092143200213	0.00555074861190842	0.00549553763619996	5.52109757084663e-05	0.0100465103440986
20	YFL049W_mRNA	0.0196887650622823	0.000693118089242447	0.000668864598957803	2.42534902846443e-05	0.0362606876226295
20	YGR275W_mRNA	0.0140155475871201	0.00211812988277659	0.0021165864960406	1.54338673599231e-06	0.000729186706463188
20	YHL025W_mRNA	0.0144624773352908	0.0203738432030955	0.0206081106561742	-0.000234267453078724	-0.0113677307438437
20	YJL176C_mRNA	0.0299217842158151	0.0135080675474777	0.0134918569844938	1.62105629839225e-05	0.00120150717596201
20	YMR033W_mRNA	0.00967786532459473	0.000829240451090294	0.000839177633866322	-9.93718277602816e-06	-0.0118415724811978
20	YNR023W_mRNA	0.00100489504160564	0.0026338220592535	0.00265589967934759	-2.20776200940877e-05	-0.00831267094377262
20	YOR290C_mRNA		0.225335882604532	0.235625272066295	-0.0102893894617629	-0.0436684459673236
20	YPL016W_mRNA	0.0215345782344003	0.000100572779549905	9.00696546037634e-05	1.05031249461412e-05	0.116611138261236
20	YPL129W_mRNA	0.0520885159589833	0.00123940068145471	0.00123429761091149	5.10307054322557e-06	0.00413439230386027
20	YPR034W_mRNA	0.00708735483888874	0.00336020999422999	0.00338632044574555	-2.61104515155599e-05	-0.00771056724663025
21	YBR289W_mRNA	0.000484693403405046	0.0107005511918731	0.010582541468647	0.000118009723226098	0.0111513593946904
21	YDR073W_mRNA	0.0478305691501	0.00281684889146019	0.00154572319340126	0.00127112569805893	0.822350148775282
21	YFL049W_mRNA	0.00192807631134312	0.00462743882198813	0.0030060276479856	0.00162141117400253	0.539386647055317
21	YGR275W_mRNA	0.0756702186982362	0.000274206803568653	0.000432273373129141	-0.000158066569560488	-0.365663442132175
21	YHL025W_mRNA	0.0424693814064594	0.0882420981786706	0.111316485389636	-0.0230743872109659	-0.20728634334977
21	YJL176C_mRNA	0.000819125123511777	6.5785174868151e-07	0.000100354371662045	-9.9696519913363e-05	-0.993444712594117
21	YMR033W_mRNA	0.0672765933731043	0.00557987808670829	0.00691870353479827	-0.00133882544808998	-0.193508139401585
21	YNR023W_mRNA	0.00245100350459829	0.000157228990476509	0.000305934259384971	-0.000148705268908462	-0.486069357539129
21	YPL016W_mRNA	0.0600671330056732	0.00105508394049603	0.00024606732136925	0.000809016619126784	3.287785694683
21	YPL129W_mRNA	0.00211130989456593	0.00192323243955062	0.0025938421346563	-0.000670609695105682	-0.258539132411211
21	YPR034W_mRNA	0.0312207326137168	0.00137465418240862	0.00188510612767387	-0.000510451945265251	-0.270781542625997
22	YBR289W_mRNA	0.0256910058027798	0.0150492516612811	0.0160287925498834	-0.000979540888602306	-0.0611113335925874
22	YDR073W_mRNA	0.000775263692146658	0.00233966271316381	0.00291286985775933	-0.000573207144595522	-0.196784330432274
22	YFL049W_mRNA	0.0129595626378722	0.003701899861675	0.00445446537063771	-0.000752565508962709	-0.168946314842486
22	YGR275W_mRNA	0.000901067000199335	0.0388680746553099	0.0398030499310818	-0.000934975275771965	-0.0234900410242646
22	YHL025W_mRNA	0.00188008631251084	0.00130295637737413	0.000976339058649276	0.000326617318724859	0.33453267676981
22	YJL176C_mRNA	0.00303174531647904	0.00896450277459589	0.0087712075258206	0.000193295248775292	0.0220374729712267
22	YMR033W_mRNA	0.000634241519351348	0.002737705347071	0.00295511302773556	-0.000217407680664558	-0.0735700051483828
22	YNR023W_mRNA	0.00119573876316516	0.0530392786129358	0.0542612285305048	-0.00122194991756903	-0.0225197613592931
22	YOR290C_mRNA	0.46800192679907	0.219737005980827	0.145878041283733	0.0738589646970941	0.506306254506381
22	YPL016W_mRNA	0.00813335530520151	0.0479609871234649	0.0472335294421268	0.000727457681338063	0.0154012983981937
22	YPL129W_mRNA	0.00703038424341439	0.0248147772685714	0.0260602664113264	-0.00124548914275502	-0.0477926481294028
22	YPR034W_mRNA	0.00903523124302413	0.0536519546143044	0.0548976961822772	-0.00124574156797281	-0.0226920554887507
23	YBR289W_mRNA	0.0532035916008522	0.0005900745992552	0.00114581928575641	-0.000555744686501213	-0.485019490778023
23	YDR073W_mRNA	0.0330465158371196	0.0623765069628816	0.0824413416120143	-0.0200648346491327	-0.243383165009152
23	YFL049W_mRNA	0.0248832196413502	0.00110232039864699	0.000228734240390128	0.000873586158256865	3.81921900615702
23	YGR275W_mRNA	0.235119961293049	0.00647692104643438	0.00675767237122048	-0.000280751324786099	-0.0415455661895893
23	YHL025W_mRNA	0.0295496984919179	0.0536785011347144	0.0506446468748705	0.00303385425984386	0.0599047371648124
23	YJL176C_mRNA	0.00590517779714394	0.000255737660744355	0.000782243309605571	-0.000526505648861216	-0.673071463055011
23	YMR033W_mRNA	0.000249015395448326	0.00602183594557158	0.00610405235262118	-8.22164070496028e-05	-0.0134691516881073
23	YNR023W_mRNA	0.079452088296054	0.0128616255918483	0.0159506015899411	-0.00308897599809283	-0.193658902498125
23	YPL016W_mRNA	0.000305827465636787	0.0144888813188863	0.0227767657109923	-0.00828788439210594	-0.363874506910616
23	YPL129W_mRNA	0.00655447669825517	0.000218227608636991	0.000109313142216178	0.000108914466420812	0.996352901515013
23	YPR034W_mRNA	0.0433284986744266	0.00444708015401409	0.00581673874233866	-0.00136965858832456	-0.235468472798192
24	YBR289W_mRNA	0.0246479871406083	0.000801505768720239	0.000768056450965185	3.34493177550542e-05	0.0435505980231269
24	YDR073W_mRNA	0.00653947107121172	1.10035860004418e-07	2.85725000666174e-06	-2.74721414665732e-06	-0.96148889325475
24	YFL049W_mRNA	0.00127460515922416	0.0524936946605991	0.0541905677089454	-0.00169687304834638	-0.0313130701538354
24	YGR275W_mRNA	0.000390118489046843	7.50823591287407e-06	9.9275780711322e-06	-2.41934215825813e-06	-0.243699131945704
24	YHL025W_mRNA	0.00749580388435542	0.0277715540215239	0.0273964020907306	0.000375151930793266	0.0136934744040786
24	YJL176C_mRNA	0.0206784148679596	0.000962565594775766	0.00104604474645017	-8.34791516744084e-05	-0.079804570461924
24	YMR033W_mRNA	0.0138809336397081	0.0104523551814829	0.0104987556279086	-4.6400446425704e-05	-0.00441961391142002
24	YNR023W_mRNA	0.000520022518447778	0.00297733757421949	0.00296400232934122	1.33352448782615e-05	0.00449906693603219
24	YOR290C_mRNA		0.13115195588667	0.163738763022951	-0.0325868071362805	-0.199017059458993
24	YPL016W_mRNA	0.0573261231210009	0.0222719586220653	0.0232658790506435	-0.000993920428578213	-0.0427200892093833
24	YPL129W_mRNA	0.00214878897056829	0.00827046258635363	0.00848652251816139	-0.000216059931807761	-0.0254591832338141
24	YPR034W_mRNA	0.020286748483714	0.00369433323883992	0.00368548727959251	8.84595924741365e-06	0.00240021429361485
25	YBR289W_mRNA	0.0187659937385821	5.7872494347451e-06	0.00161640481327683	-0.00161061756384209	-0.996419678172689
25	YDR073W_mRNA	0.00144197065478765	0.0282894639024963	0.0149280408574357	0.0133614230450606	0.895055364107285
25	YFL049W_mRNA	3.47190037649083e-07	0.0373401653691808	0.0239564795986695	0.0133836857705113	0.5586666319393
25	YGR275W_mRNA	0.0245963355060388	0.00660854397634606	0.0179452262825393	-0.0113366823061932	-0.631738052655476
25	YHL025W_mRNA	0.106736490470473	0.00142473562567408	0.0317227508700343	-0.0302980152443602	-0.955087891604637
25	YJL176C_mRNA	0.0221921202394666	0.0313267527003152	0.0342086413508779	-0.00288188865056268	-0.084244463876924
25	YMR033W_mRNA	0.0295274921360804	0.000192740901827939	0.00212934752427962	-0.00193660662245168	-0.909483586107841
25	YNR023W_mRNA	0.0631885259264904	0.00240392507115047	0.00161698313238918	0.000786941938761293	0.486672942344517
25	YPL016W_mRNA	0.096963042300515	0.0687073096223568	0.0577036890267157	0.0110036205956411	0.190691804653021
25	YPL129W_mRNA	0.00321351285878938	0.00729762755909835	0.00787034984333539	-0.00057272228423704	-0.0727696094376314
25	YPR034W_mRNA	0.00698649954426696	0.0043774021300092	0.0141520971206678	-0.00977469499065862	-0.690688800911604
26	YBR289W_mRNA	0.00741042243112083	0.00521346925106889	0.00515777375659094	5.56954944779505e-05	0.0107983593516057
26	YDR073W_mRNA	0.0195374077565715	0.0202565249970465	0.0198677068867236	0.000388818110322969	0.0195703566868501
26	YFL049W_mRNA	0.000494221222871577	0.000564545882221607	0.000450221813776228	0.000114324068445379	0.25392831921334
26	YGR275W_mRNA	0.00772538212656092	0.00981759861722466	0.00989894125116022	-8.13426339355671e-05	-0.00821730646457097
26	YHL025W_mRNA	0.000149759927344764	0.0213716974741728	0.0226972550852938	-0.00132555761112109	-0.058401670428419
26	YJL176C_mRNA	0.00421353410004583	0.00613736651363449	0.00602270977072627	0.000114656742908228	0.0190374013148573
26	YMR033W_mRNA	0.0125029847210587	0.00525397198571051	0.0054506158997823	-0.000196643914071796	-0.0360773750503407
26	YNR023W_mRNA	2.89861388158261e-05	0.00311719233114796	0.00325323916068371	-0.00013604682953575	-0.0418188835238163
26	YOR290C_mRNA		0.151395152837436	0.199223663461647	-0.0478285106242116	-0.240074445942609
26	YPL016W_mRNA	0.00374818456791033	0.000748183432394885	0.000605224919421743	0.000142958512973141	0.236207248554355
26	YPL129W_mRNA	0.00106638695318291	0.00482353779603479	0.00501715376784104	-0.000193615971806249	-0.0385907988404279
26	YPR034W_mRNA	0.000745066943524727	0.0428179066110282	0.0439101923970621	-0.00109228578603395	-0.0248754497852538
27	YBR289W_mRNA	0.016064384733355	0.0114888992747457	0.0182597291190916	-0.0067708298443459	-0.370806697086574
27	YDR073W_mRNA	0.000814721957862417	0.0342107229141812	0.0295555605639926	0.00465516235018862	0.157505466360871
27	YFL049W_mRNA	0.0254633085157193	0.0283790954114403	0.023299389726459	0.0050797056849813	0.218018829875735
27	YGR275W_mRNA	0.00107583664495067	0.0183375983708098	0.0254854103082823	-0.00714781193747243	-0.280466818113167
27	YHL025W_mRNA	0.0143934215653002	0.0272149311615518	0.0516989947881645	-0.0244840636266127	-0.473588775312473
27	YJL176C_mRNA	0.0234960622669805	0.0257869087848533	0.0259620161631931	-0.000175107378339725	-0.00674475268943013
27	YMR033W_mRNA	0.00013890522363106	0.0152665559647199	0.0219333248812372	-0.00666676891651723	-0.30395614675914
27	YNR023W_mRNA	0.000259240787209602	0.00105713072749404	0.000756931691770975	0.00030019903572307	0.396599903249792
27	YOR290C_mRNA	0.613298612798027				
27	YPL016W_mRNA	0.00238992083638144	0.0734874774048079	0.0702254407830233	0.00326203662178461	0.0464509241296665
27	YPL129W_mRNA	0.0238650046277966	0.000356763769851895	0.000962829145767146	-0.000606065375915251	-0.629463055392201
27	YPR034W_mRNA	0.0180541662448318	0.00140685872054494	0.00262988293434238	-0.00122302421379744	-0.465048918271818
28	YBR289W_mRNA	0.00033213735685512	0.00181352322992825	0.00178449927660807	2.90239533201743e-05	0.0162644802946305
28	YDR073W_mRNA	0.040101181290294	0.0336378890920492	0.0344806164706922	-0.000842727378642993	-0.0244406122889158
28	YFL049W_mRNA	0.00648926743979058	0.00233754146730032	0.00222422070500011	0.000113320762300205	0.0509485241484611
28	YGR275W_mRNA	0.0195524215258258	0.00631473678158846	0.00633308441149686	-1.83476299084008e-05	-0.00289710806239897
28	YHL025W_mRNA	0.0307095915487809	0.181670872943827	0.182079956595916	-0.000409083652089415	-0.00224672533834836
28	YJL176C_mRNA	0.0158634155820664	0.0141376077930319	0.014456450852922	-0.000318843059890057	-0.0220554175526154
28	YMR033W_mRNA	0.0318349113007193	0.0932669556669033	0.093964847377347	-0.000697891710443668	-0.00742715738834814
28	YNR023W_mRNA	0.0103072566269199	0.000141992060238707	0.00013514367502235	6.84838521635778e-06	0.0506748481956349
28	YOR290C_mRNA	0.193183286192457	0.0193824004373609	0.0126277263962904	0.0067546740410705	0.53490817183486
28	YPL016W_mRNA	0.0455813782764844	0.0834017542396591	0.0851115135186312	-0.00170975927897213	-0.0200884605183041
28	YPL129W_mRNA	0.0130539824122502	0.00434046155413158	0.00443207581052061	-9.1614256389024e-05	-0.0206707331520718
28	YPR034W_mRNA	0.0187588161265963	0.0468003616790936	0.0471052366120565	-0.000304874932962884	-0.00647220892814393
29	YBR289W_mRNA	0.00528614232201518	0.0130493407485949	0.0130769568809358	-2.76161323409536e-05	-0.00211181642582409
29	YDR073W_mRNA	0.00459939925521707	0.0121813158215518	0.0246747228696581	-0.0124934070481064	-0.506324108039697
29	YFL049W_mRNA	0.000728749070143527	0.00407026079131727	0.00136044863280364	0.00270981215851363	1.99185187384046
29	YGR275W_mRNA	0.0179170574685797	0.0464912568101456	0.06122673241635	-0.0147354756062044	-0.24067061926482
29	YHL025W_mRNA	0.0134345718224001	1.25217022989155e-06	0.00137912808911873	-0.00137787591888884	-0.999092056611876
29	YJL176C_mRNA	0.0136844047408121	0.0251970801856889	0.038294711293427	-0.0130976311077382	-0.342021931106353
29	YMR033W_mRNA	0.00587951856528384	0.00327874466767048	0.00310975242452349	0.000168992243146989	0.0543426678645918
29	YNR023W_mRNA	0.00798714235841706	0.000746531802321723	0.00151859307471925	-0.00077206127239753	-0.508405632325344
29	YPL016W_mRNA	0.0480721055750798	0.0171689749596791	0.0337938682461042	-0.0166248932864251	-0.491949994163265
29	YPL129W_mRNA	0.00242035497681839	0.00479488636516135	0.00467174590825799	0.000123140456903365	0.0263585518822195
29	YPR034W_mRNA	0.00353996964593864	0.00643681040759382	0.00960118713600525	-0.00316437672841143	-0.329581819788176
30	YBR289W_mRNA	0.0105301777423207	0.0158417735389794	0.0159176010913312	-7.58275523517482e-05	-0.00476375503548989
30	YDR073W_mRNA	0.000214089911885792	0.00554954415311256	0.00550961210109462	3.99320520179415e-05	0.0072477066053358
30	YFL049W_mRNA	0.00178601216704187	0.000724900595558842	0.000746759476669417	-2.18588811105755e-05	-0.0292716487617501
30	YGR275W_mRNA	0.0247704444071513	0.0157655753080011	0.0158228986237079	-5.73233157068614e-05	-0.0036228074937529
30	YHL025W_mRNA	0.208105234403002	0.000270672628258616	0.000285091937101586	-1.44193088429708e-05	-0.0505777504252348
30	YJL176C_mRNA	0.0513812771520083	0.00201227842630418	0.00199971645683665	1.2561969467527e-05	0.00628187532516422
30	YMR033W_mRNA	0.00776576265238423	0.000775486922569673	0.000782360914962333	-6.87399239266014e-06	-0.00878621651618562
30	YNR023W_mRNA	0.0172352260030231	0.000513491811451501	0.000518902753867432	-5.41094241593074e-06	-0.0104276617836434
30	YOR290C_mRNA		0.308133340909913	0.316907194442689	-0.0087738535327761	-0.027685876769714
30	YPL016W_mRNA	0.128556563161421	0.0153573493137396	0.0152965370013817	6.08123123578448e-05	0.00397556076596629
30	YPL129W_mRNA	0.00171569604437468	0.00389005762673895	0.00388778103214407	2.27659459487882e-06	0.000585576856323953
30	YPR034W_mRNA	0.0227103174361222	0.0673471162954892	0.0674702212581074	-0.000123104962618262	-0.00182458216858847
